"conversation_id_str","created_at","favorite_count","full_text","id_str","image_url","in_reply_to_screen_name","lang","location","quote_count","reply_count","retweet_count","tweet_url","user_id_str","username"
"1855374486939345404","Sat Nov 09 22:18:43 +0000 2024","2","Vi esta historia en Instagram de un conocido m√≠o lamento mucho que su mami no se le est√© brindando lo que deber√≠a tener el IMSS. @PartidoMorenaMx es el peor gobierno que nos ha tocado cada uno que est√° ah√≠ es c√≥mplice de las mentiras de AMLO y CLAUDIA https://t.co/sXNSs2l1HB","1855374486939345404","https://pbs.twimg.com/media/Gb-cPUeXIAAoo5C.jpg","","es","Puebla, Mexico","0","0","1","https://x.com/The_Josaa/status/1855374486939345404","347031338","The_Josaa"
"1854991321246601348","Fri Nov 08 20:56:09 +0000 2024","2","- No soy una copia de AMLO Claudia Sheinbaum Julio 2023. - Tuve una llamada con Trump Claudia Sheinbaum Noviembre 2024. https://t.co/t3FFAgfJAx","1854991321246601348","https://pbs.twimg.com/media/Gb5AVTsWYAAt2Kd.png","","es","Irving, TX","0","0","0","https://x.com/DonaNetas/status/1854991321246601348","266063083","DonaNetas"
"1855376839046299894","Sat Nov 09 22:28:04 +0000 2024","570","Do√±a Claudia Pizarro haci√©ndose un par de chalas con Alemparte . https://t.co/2ROc1gPowi","1855376839046299894","https://pbs.twimg.com/media/Gb-fYSWWMAAShli.jpg","","es","Curacav√≠, Chile","4","41","187","https://x.com/Anitacl/status/1855376839046299894","62582416","Anitacl"
"1855091233947029613","Sat Nov 09 03:33:10 +0000 2024","1570","Oye Claudia Carrion te veo muy tranquila. ¬øQue esperas para cumplirle el deseo a la ni√±a y traerle a Alice Fernanda Soto? https://t.co/xWHH39amYL","1855091233947029613","https://pbs.twimg.com/media/Gb6bpZYbwAIPUow.jpg","","es","","2","24","53","https://x.com/_calvoneta/status/1855091233947029613","1309993178968199168","_calvoneta"
"1854539208834060690","Thu Nov 07 14:59:37 +0000 2024","7982","Para los que dicen que ojal√° en M√©xico tuvi√©ramos un sistema electoral como el de EUA para que los votos de unos estados valieran m√°s que los de otros : Pues de ser as√≠ Claudia hubiera arrasado a√∫n m√°s: https://t.co/RM973tgprC","1854539208834060690","https://pbs.twimg.com/media/GbyllLWXkAIBKJs.jpg","","es","Ciudad de M√©xico","58","299","2425","https://x.com/PonchoGutz/status/1854539208834060690","95081355","PonchoGutz"
"1854936701078048975","Fri Nov 08 17:19:07 +0000 2024","3","¬øPuede Alito enfrentar un juicio pol√≠tico? La respuesta corta: s√≠... como cualquier servidor p√∫blico pasado presente o futuro. SIN EMBARGO ESO NO SIGNIFICA QUE SU PROCESO DE DESAFUERO EST√â M√ÅS AVANZADO QUE EL DE OTROS COMO AMLO ZALD√çVAR O CLAUDIA SHEINBAUM. Abro https://t.co/kQTYsJOKuH","1854936701078048975","https://pbs.twimg.com/media/Gb4NR5lWsAAXwFG.png","","es","Ciudad de M√©xico. ‚ù§Ô∏è","0","2","2","https://x.com/Luis_MartinezRz/status/1854936701078048975","126863723","Luis_MartinezRz"
"1854751490218639640","Fri Nov 08 05:03:09 +0000 2024","0","Est√° es la marca de la 4T Y AMLO Y CLAUDIA fueron sus promotores apoyados por el pueblo de M√©xico. https://t.co/e3PHLys1VJ","1854751490218639640","https://pbs.twimg.com/tweet_video_thumb/Gb1mo9zWkAEGwq2.jpg","","es","","0","0","0","https://x.com/conciencia34704/status/1854751490218639640","1837538757186408448","conciencia34704"
"1854330977340006607","Thu Nov 07 01:31:21 +0000 2024","543","A lot that Americans could learn from the success of Claudia Sheinbaum and AMLO: https://t.co/WCjiBQfGa9","1854335801523425590","","1DimeOfficial","en","Canada","12","19","27","https://x.com/1DimeOfficial/status/1854335801523425590","1087445718237831168","1DimeOfficial"
"1854990365562224740","Fri Nov 08 20:52:21 +0000 2024","9","Eres tu AMLO??? Hasta en eso le tiene q decir AMLO como movilizarse para esos eventos a nivel internacional... Ahora Claudia sale que viajar√° al G-20 en vuelo comercial ya chole y ya en el tercer a√±o empezar√° a viajar en aviones de la SEDENA. Y dicen q no es la copia ‚ÄçÔ∏è https://t.co/IxPOeC07I3","1854990365562224740","https://pbs.twimg.com/media/Gb4_6EcbwAA8Uqd.jpg","","es","","1","0","7","https://x.com/M_VG023/status/1854990365562224740","1544540286","M_VG023"
"1853973380665340153","Wed Nov 06 02:46:10 +0000 2024","3400","@LuisMiNegocios Tomando como base 300 por los distritos electorales actuales ChatGPT me arroj√≥ la siguiente distribuci√≥n. Claudia hubiera ganado 298 a 2. https://t.co/7oWN89jRti","1853992239371788731","https://pbs.twimg.com/media/Gbq0HdxXcAoxdJ0.jpg","LuisMiNegocios","es","Ecatepec de Morelos, M√©xico","34","84","144","https://x.com/andresrendonmx/status/1853992239371788731","109047242","andresrendonmx"
"1854991896294420851","Fri Nov 08 20:58:26 +0000 2024","5","A parte sacarlo del retiro?? Pues si AMLO sigue gobernando Claudia repite todo lo q le dice adversarios el pueblo nos apoya viajar√© al G-20 en vuelo comercial... Si pero Guanajuato hay m√°s inseguridad en mi gobierno no habr√° corrupci√≥n Rosario Piedra tiene convicciones https://t.co/lFAu49ZjC5","1854991896294420851","https://pbs.twimg.com/media/Gb5BTJebwAAz2H2.jpg","","es","","1","1","4","https://x.com/M_VG023/status/1854991896294420851","1544540286","M_VG023"
"1854933829376508010","Fri Nov 08 17:07:42 +0000 2024","280","Trump ya habl√≥ con Claudia y le mand√≥ saludos a AMLO yo hasta en un tiktok me puse de nalgas prontas y ni as√≠ me pela. https://t.co/8XTQPFiERy","1854933829376508010","https://pbs.twimg.com/media/Gb4MfNtXEAE34qd.jpg","","es","","2","9","78","https://x.com/pollowsky666/status/1854933829376508010","478031517","pollowsky666"
"1854949238754660746","Fri Nov 08 18:08:56 +0000 2024","1","Con la desaparici√≥n del INAI y la entrada en funciones de la Secretar√≠a Anticorrupci√≥n el gobierno se investigar√° a s√≠ mismo. S√≥lo servir√° de tapadera a la corrupci√≥n y robadera de los gobiernos de AMLO y de Claudia Sheinbaum. https://t.co/rWjJf5LJg5","1854949238754660746","https://pbs.twimg.com/media/Gb4agGgXUAEFwQW.jpg","","es","","0","0","0","https://x.com/middlef73511575/status/1854949238754660746","1293994987915542530","middlef73511575"
"1855244713831309695","Sat Nov 09 13:43:03 +0000 2024","522","#DondeEstaCamilo #AndresCamiloNoAparece Dios 947 d√≠as! Nadie responde! Si fueras tu? Ponte en mis zapatos por un momento! Nadie tiene que padecer este dolor! Los hijos son bendiciones! La vida es vida nadie es due√±o de nadie. https://t.co/LE3CSFxIbg","1855244713831309695","https://pbs.twimg.com/media/Gb8nO24WQAAycRP.jpg","","es","Medell√≠n, Colombia","5","8","648","https://x.com/claoyepes/status/1855244713831309695","1514305938672570369","claoyepes"
"1854255944030355618","Wed Nov 06 20:14:02 +0000 2024","260","La fortaleza de Claudia #Sheinbaum ante #Trump es ABISMAL. Claudia tiene un equipo de a√±os forjado por AMLO gente leal y honesta Trump no en su gobierno la mayor√≠a de su equipo le dio la espalda ni si quiera su yerno estar√° ahora con √©l. Trump no tiene respaldo volver√° a https://t.co/ReIjl703gJ","1854255944030355618","https://pbs.twimg.com/media/GbuinMGWwAkI_U_.png","","es","M√©xico","5","68","96","https://x.com/c_dnielle/status/1854255944030355618","1108276468453437441","c_dnielle"
"1854631740587004052","Thu Nov 07 21:07:19 +0000 2024","5","Cay√≥ el PRI cay√≥ el PAN cay√≥ el PRD AMLO termin√≥ invicto y Claudia tiene 6 a√±os por delante as√≠ que toma tu pasiflora y rel√°jate.@luzelenachavez8 https://t.co/rTPXJUWGnu","1854631740587004052","https://pbs.twimg.com/media/Gbz5vUtbwAAPHdn.jpg","","es","M√©xico","0","0","2","https://x.com/turishwar/status/1854631740587004052","254349864","turishwar"
"1855024037547889068","Fri Nov 08 23:06:09 +0000 2024","68","El kks de AMLO ocult√≥ entre 20.000 y 80.000 homicidios durante su mandato. Las desapariciones siguen sin resolverse y las fosas clandestinas siguen apareciendo. Ahora Claudia Sheinbaum omite las cifras de homicidios en estados Morenistas como #Guerrero https://t.co/btQZIiQx0t","1855024037547889068","https://pbs.twimg.com/media/Gb5eB0wbwAAuCCE.png","","es","","2","0","75","https://x.com/camilatorrest32/status/1855024037547889068","1493351897054461954","camilatorrest32"
"1854984757693890872","Sat Nov 09 17:26:01 +0000 2024","1","@LuisCardenasMx AMLO CLAUDIA DICTADURA NARCOS. AMLO CLAUDIA DICTADURA NARCOS AMLO CLAUDIA DICTADURA NARCOS As√≠ #LaLocaDelSenado a.k.a @LillyTellez https://t.co/jo7x71l5cO","1855300828388544678","https://pbs.twimg.com/media/Gb9aRWsXoAAdaqa.jpg","LuisCardenasMx","es","M√©xico Tenochtitlan","0","0","0","https://x.com/jahzielponce/status/1855300828388544678","33774940","jahzielponce"
"1854237230619054575","Wed Nov 06 18:59:40 +0000 2024","4653","Recuerdo cuando la oposici√≥n juraba que a AMLO le ir√≠a mal con Trump jajaja malditxs #TRAIDORES_A_LA_PATRIA no se les hizo aquella vez y en esta ocasi√≥n con la Presidenta Claudia tampoco suceder√°. Aqu√≠ les refresco la memoria bola de culerxs: https://t.co/rsTfnVIZZa","1854237230619054575","https://pbs.twimg.com/ext_tw_video_thumb/1280998503238586372/pu/img/aq0PHC9Yh8SkLvXP.jpg","","es","Cuauht√©moc, Distrito Federal","32","384","1319","https://x.com/MexJames/status/1854237230619054575","1836011585485332480","MexJames"
"1854742900849913952","Fri Nov 08 04:29:01 +0000 2024","4","Siguiendo los pasos de nuestro presidente AMLO nuestra presidenta claudia de las mejores del mundo https://t.co/UICYrPDras","1854742900849913952","https://pbs.twimg.com/media/Gb1e1tQXYAIYwbP.jpg","","es","Coyoac√°n, Distrito Federal","1","0","3","https://x.com/SergioBoca64333/status/1854742900849913952","1731157042809753600","SergioBoca64333"
"1855017617809109058","Fri Nov 08 22:40:39 +0000 2024","19","La realidad: -Trump y Claudia conversan de manera muy cordial por m√°s de una hora. -Trump manda saludos a AMLO. -Se despide diciendo See you soon . El onanismo de la derecha: -Marko Cort√©s desea que Trump invada M√©xico y lo bombardee.","1855017617809109058","","","es","","0","0","9","https://x.com/feliciano1953/status/1855017617809109058","881235509724315648","feliciano1953"
"1854515457622991014","Thu Nov 07 13:25:14 +0000 2024","645","#CamilaFlores diputada de extrema derecha nacida y criada en una poblaci√≥n e hija de una empleada dom√©stica. ¬øHabr√° valido el sacrificio de la madre? ¬øSe merece esto la se√±ora? https://t.co/9JqyvKd6SD","1854515457622991014","https://pbs.twimg.com/media/GbyP-snWcA0RcqJ.jpg","","es","#50a√±osdeMemoria #expp","50","573","237","https://x.com/Alexo_cqbo/status/1854515457622991014","1329262931494760450","Alexo_cqbo"
"1854935816776167742","Fri Nov 08 17:15:36 +0000 2024","0","Seg√∫n Claudia en 2017 se revel√≥ el uso de pegasus en M√©xico Seg√∫n el mu√±eco @Melquisedec70 AMLO compr√≥ pegasus AMLO fue presidente desde el 2018 A qui√©n le creemos? https://t.co/xsVlnHM5Yq","1854935816776167742","https://pbs.twimg.com/media/Gb4OS26XsAA3zMH.jpg","","es","","0","1","0","https://x.com/cron0s/status/1854935816776167742","3051701101","cron0s"
"1855034961960874437","Fri Nov 08 23:49:34 +0000 2024","2","Si me dieran un peso por cada que Claudia menciona a Amlo ya tendr√≠a para la despensa de esta semana","1855034961960874437","","","es","M√©xico ","0","0","0","https://x.com/RaquelFabianC/status/1855034961960874437","244723936","RaquelFabianC"
"1855309094531318211","Sat Nov 09 17:58:52 +0000 2024","0","Todo tienen mentirosos ladrones corruptos c√≠nicos y traidores a la patria. @AccionNacional @PRI_Nacional @MovCiudadanoMX Lo que jam√°s tendr√°n el amor del pueblo de M√©xico que se manifiesta con AMLO y Claudia @Claudiashein https://t.co/m4tiaEBCrW","1855309094531318211","https://pbs.twimg.com/media/Gb9hyecX0AAK5Y4.jpg","","es","M√©xico","0","0","0","https://x.com/PedroRamosFranc/status/1855309094531318211","558967463","PedroRamosFranc"
"1854870818104217777","Fri Nov 08 12:57:19 +0000 2024","0","#Ma√±aneraDelPueblo 08/Nov/2024 | Presidencia https://t.co/48UuyTnq3w Encabezada por la Presidenta Claudia Sheinbaum. #claudiasheinbaum #Ma√±aneraDelPueblo #Ma√±aneraClaudia #actualidad #mexico #amlo #morena #ConferenciaPresidenta #ent√©rate #almomento #envivo #UniendoVocesMX https://t.co/wRfzLreWV5","1854870818104217777","https://pbs.twimg.com/media/Gb3TLYOXYAEHTxW.jpg","","es","Ciudad De M√©xico ","0","0","0","https://x.com/uniendovocesmx/status/1854870818104217777","1626718330965950464","uniendovocesmx"
"1854924030891131335","Fri Nov 08 16:28:46 +0000 2024","2","Donald Trump manda saludos a AMLO con Claudia Sheinbaum que falta de respeto ¬øacaso es su sirvienta? ¬øella le mand√≥ saludos a Biden a trav√©s de el? https://t.co/HG9BJS8SVP","1854924030891131335","https://pbs.twimg.com/media/Gb4DkyqbwAMajj9.jpg","","es","Guanatos","0","0","3","https://x.com/sigimero/status/1854924030891131335","41130654","sigimero"
"1855309383447499253","Sat Nov 09 18:00:01 +0000 2024","1","Ahora que AMLO se ha ido la derecha buscar√° deslegitimar a la presidenta Claudia Sheinbaum seg√∫n An√≠bal Garc√≠a investigador del Observatorio Lawfare. Lee la nota completa aqu√≠ https://t.co/plZ2rpFA29 https://t.co/b8cbQkAU8H","1855309383447499253","https://pbs.twimg.com/media/Gb893wGXYAAwoIn.jpg","","es","Saltillo, Coahuila","0","0","0","https://x.com/coahuilense_el/status/1855309383447499253","1475528808853868545","coahuilense_el"
"1854929783928635901","Fri Nov 08 16:51:38 +0000 2024","6","Lo bueno q el verdulero de Palacio AMLO quer√≠a mucho a Gutierrez Vivo sino imag√≠nense... Hasta cuando la gente se dar√° cuenta que MORENA esbuna porquer√≠a similar AL PRIAN... Ah√≠ est√° @RosarioPiedraIb con el apoyo de Claudia... https://t.co/nBpFHKEDSp","1854929783928635901","https://pbs.twimg.com/media/Gb4IzvHaYAAWwRb.jpg","","es","","0","0","7","https://x.com/M_VG023/status/1854929783928635901","1544540286","M_VG023"
"1855310245192749530","Sat Nov 09 18:03:27 +0000 2024","2","Claudia Sheinbaum revel√≥ ayer que Donald Trump le dijo nos vemos pronto durante la llamada que sostuvo el jueves y que le mando saludos al ex presidente AMLO. https://t.co/m5dctr7wTX","1855310245192749530","https://pbs.twimg.com/media/Gb9i1hpWsAEkjpH.jpg","","es","","0","0","0","https://x.com/iMxNoticias/status/1855310245192749530","1259560852283424774","iMxNoticias"
"1854325907613438454","Thu Nov 07 00:52:02 +0000 2024","2088","Puro pendejo le tiene miedo al culero de Trump. Pero en el sexenio pasado AMLO lo trajo a pan y verga y sac√≥ adelante el TEMEC. Y ahora con Claudia que es m√°s cabronas va a ser igual. Lloren NarcOpositores. Trump no fue su salvador ni lo ser√° ahora ","1854325907613438454","","","es","‚Üì                     Te sigue","8","200","590","https://x.com/Clitoryx/status/1854325907613438454","1287921778875129857","Clitoryx"
"1855243213218484681","Sat Nov 09 13:37:05 +0000 2024","486","¬°Porque en M√©xico las ni√±as pueden so√±ar ser presidentas! üá≤üáΩ Esto pas√≥ durante la visita de @Claudiashein a San Luis Potos√≠ para hablar de la Pensi√≥n Mujeres Bienestar. https://t.co/aqiiyDJ095","1855243213218484681","https://pbs.twimg.com/amplify_video_thumb/1855243139843289088/img/hDswt8XbK6tzqxWt.jpg","","es","","5","4","156","https://x.com/CitlaHM/status/1855243213218484681","70567012","CitlaHM"
"1855045206963315062","Sat Nov 09 00:30:17 +0000 2024","0","MAS CLARO QUE EL AGUA NO PUEDE SER POR ESTO FUE QUE VOTAMOS EN SU MAYORIA POR MORENA PARA QUE LAS 2 DE TERCERAS PARTES EN EL PLENO NOS REPRESENTARAN GRACIAS AMLO GRACIAS DRA. CLAUDIA SHEINBAUM GRACIAS POR DEVOLVERNOS LA ESPERANZA Y LA CONFIANZA Y REVIVIR NUESTRO ESP√çRITU DE üá≤üáΩ https://t.co/dETzJu15mH","1855045206963315062","https://pbs.twimg.com/ext_tw_video_thumb/1855043404876464128/pu/img/Q4yqr_eUxjbOM3k3.jpg","","es","","0","0","0","https://x.com/joselu65390878/status/1855045206963315062","1710846897810784256","joselu65390878"
"1854629615966568506","Thu Nov 07 20:58:52 +0000 2024","0","AMLO siempre tiene raz√≥n el es fresa al lado de Claudia. @V_TrujilloM @LillyTellez #LaLocaDelSenado @lopezdoriga @CiroGomezL @marianagc https://t.co/uRlklu9JSj","1854629615966568506","https://pbs.twimg.com/media/Gbz3zrKbwAEQEkx.jpg","","es","M√©xico","0","0","0","https://x.com/turishwar/status/1854629615966568506","254349864","turishwar"
"1854679900008903111","Fri Nov 08 00:18:41 +0000 2024","237","Y mientras tanto ... Nuestros queridos Claudia y Amlo se r√≠en de todas las idiote3ces de este Z√°ngano corrupto rid√≠culo y Ap√°trida #Markot3rroristaCortes Intervencionismo tus calzones https://t.co/WODLYJdTSr","1854679900008903111","https://pbs.twimg.com/media/Gb0likUXAA4AMsH.jpg","","es","","3","17","166","https://x.com/violetamg10078/status/1854679900008903111","2373102656","violetamg10078"
"1854711555775955277","Fri Nov 08 02:24:28 +0000 2024","328","Qu√© ching√≥n ser√≠a ver a @Claudiashein decir Viva M√©xico en la cara de Donald Trump. Tal como lo hizo #AMLO https://t.co/6EpTfZDupI","1854711555775955277","https://pbs.twimg.com/media/Gb1CVMcWQAcn9Co.jpg","","es","Puebla, M√©xico","1","28","120","https://x.com/FreddyOliviery/status/1854711555775955277","1372745266420350981","FreddyOliviery"
"1854183067394425238","Wed Nov 06 15:24:26 +0000 2024","568","El sexenio de Andr√©s Manuel empez√≥ con dos a√±os de Trump y luego una pandemia: eso indudablemente marc√≥ su desempe√±o tanto en la econom√≠a como en pol√≠ticas como la migratoria. El de Claudia inicia con la perspectiva de cuatro a√±os de un Trump recargado que viene con sed de","1854183067394425238","","","es","Mexico City","3","45","116","https://x.com/temoris/status/1854183067394425238","46904887","temoris"
"1854010824828063988","Wed Nov 06 04:00:01 +0000 2024","9","Los rostros de dos polos: de Claudia a Gonz√°lez de AMLO a Zedillo Pi√±a y Carranc√° https://t.co/lWTAiAKD5b https://t.co/bjaJOGbBSa","1854010824828063988","https://pbs.twimg.com/media/GbqvCZRboAAr97_.jpg","","es","M√©xico","0","0","1","https://x.com/SinEmbargoMX/status/1854010824828063988","244218738","SinEmbargoMX"
"1854345162320654512","Thu Nov 07 02:08:33 +0000 2024","734","Esta ignorante que no puede leer no puede hablar una analfabeta disfuncional que no sirve para una sociedad es peor que el lumpen porque esta hace da√±o es una lacra da√±ina. Habla de familia libertad vida y patriotismo para luego pedir la postergaci√≥n de un proyecto que","1854345162320654512","","","es","REPUBLICA POPULAR DEL PARAGUAY","4","55","246","https://x.com/PyoHonesto/status/1854345162320654512","894041038427480065","PyoHonesto"
"1855312741529231452","Sat Nov 09 18:13:22 +0000 2024","0","Eres idiota pendeja al aceptar las frivolidades de los pri√≠stas cre√≠ste que te invitaban a cantar por buena onda! No Mija te tendieron una trampa y t√∫ irresponsablemente e inmadura ca√≠ste. Creen que tienen poder y pueden hace estupideces. No est√° AMLO pero lleg√≥ Claudia https://t.co/8yBgRNjXVW","1855312741529231452","https://pbs.twimg.com/media/Gb9lGvkasAA5el0.jpg","","es","","0","0","0","https://x.com/DALEILE2672822/status/1855312741529231452","1743016674926940160","DALEILE2672822"
"1854597673091056052","Thu Nov 07 18:51:56 +0000 2024","1","No veo motivos para alarmarse. Trump tuvo una gran relaci√≥n con AMLO y seguro la tendr√° tambi√©n con Claudia.","1854597673091056052","","","es","Reynosa, Mexico","0","0","0","https://x.com/Juliosucks3/status/1854597673091056052","79209199","Juliosucks3"
"1855347998949306671","Sat Nov 09 20:33:28 +0000 2024","0","Pues como empleados de Amlo y ahora tambi√©n de Claudia y de acuerdo a la ley deben darles filiacion al imss","1855347998949306671","","","es","","0","0","0","https://x.com/rspyro/status/1855347998949306671","76072179","rspyro"
"1854962548254134385","Fri Nov 08 19:01:49 +0000 2024","1","Alguien av√≠senle a @CiroGomezL y su pati√±o que Trump mand√≥ muchos saludos a su amigo AMLO. ¬øQui√©n es el que anda huido en Espa√±a Ciro?. Otro final feliz https://t.co/2UjZNPfkac","1854962548254134385","https://pbs.twimg.com/media/Gb4mbdLWcAAOL6q.jpg","","es","Aguascalientes/ CDMX M√©xico üåé","0","0","0","https://x.com/Claudia_ag/status/1854962548254134385","53894146","Claudia_ag"
"1854892994010190124","Fri Nov 08 14:25:26 +0000 2024","1071","El gran m√©rito de AMLO fue haber cambiado la tendencia y el modelo de atenci√≥n a la inseguridad: Claudia Sheinbaum. https://t.co/Azz9MzKuGk","1854892994010190124","https://pbs.twimg.com/ext_tw_video_thumb/1854892936971821056/pu/img/qfG2u9IW6YneSO9K.jpg","","es","","10","228","396","https://x.com/JorgeArmandoR_/status/1854892994010190124","1589064425855754241","JorgeArmandoR_"
"1855075876200685737","Sat Nov 09 02:32:09 +0000 2024","1310","Sin duda uno de los momentos m√°s espont√°neos del cari√±o genuino que le tiene la gente en especial las ni√±as a la presidenta @Claudiashein que es un gran modelo a seguir de decenas de millones de mujeres en el pa√≠s https://t.co/mWvpmuHOQw","1855075876200685737","https://pbs.twimg.com/amplify_video_thumb/1855075821255299072/img/vNHXIovY4QXffLdF.jpg","","es","","8","159","381","https://x.com/NachoRgz/status/1855075876200685737","68723105","NachoRgz"
"1854345652664438883","Thu Nov 07 02:10:30 +0000 2024","325","El exilio de Carolina Amaya: la periodista ambiental que incomoda al gobierno de Bukele | Red internacional de periodistas https://t.co/0b5kvgoE9W","1854345652664438883","","","es","Ciudad de M√©xico","3","84","128","https://x.com/berthamariaD/status/1854345652664438883","186162781","berthamariaD"
"1854525213020471710","Thu Nov 07 14:04:00 +0000 2024","680","#ULTIMAHORA | Presidenta @Claudiashein le TUNDE al presidente del PAN @MarkoCortes y m√°nager de la Derecha @ClaudioXGG. No se si est√° haciendo el rid√≠culo o ya de plano es traidor a la patria https://t.co/7yve8e0O12","1854525213020471710","https://pbs.twimg.com/amplify_video_thumb/1854525120179482632/img/if5iSg0A4cPyhB3h.jpg","","es","M√©xico","7","16","268","https://x.com/arlinmedrano_/status/1854525213020471710","1491856780263149570","arlinmedrano_"
"1854893211841708264","Fri Nov 08 14:26:18 +0000 2024","2677","Cu√°ntos momentos hist√≥ricos vivimos con nuestro querido Presidente siempre PATRIOTA y siempre DIGNO y as√≠ seguir√° nuestra querida PRESIDENTA Ô∏è #AMLOSeQuedaPorSiempre #EsUnHonorEstarConClaudiaHoy https://t.co/gZcFZuz0Dk","1854893211841708264","https://pbs.twimg.com/ext_tw_video_thumb/1854893184327073796/pu/img/EETgojO0xNqBFHuS.jpg","","es","M√©xico de  CLAUDIA ","35","66","1169","https://x.com/PoncePichardo/status/1854893211841708264","992530600493027329","PoncePichardo"
"1855354616747282560","Sat Nov 09 20:59:46 +0000 2024","334","La Doctora @Claudiashein l√≠der mundial! Los l√≠deres de China India Inglaterra Canad√° y Jap√≥n ya han solicitado reunirse con ella en el G20! https://t.co/QCwEYFniSF","1855354616747282560","https://pbs.twimg.com/ext_tw_video_thumb/1855354429643313152/pu/img/EzvJ-tYxXm9XIVGt.jpg","","es","M√©xico","2","41","132","https://x.com/liliaaguilarmx/status/1855354616747282560","109744495","liliaaguilarmx"
"1855262642559955369","Sat Nov 09 14:54:17 +0000 2024","0","Parece que la Claudia aprendi√≥ bien de AMLO. Que siga as√≠ y no se tuerza en el camino como otros.","1855262642559955369","","","es","","0","0","0","https://x.com/TARAVERDE20/status/1855262642559955369","422141124","TARAVERDE20"
"1855270887244571135","Sat Nov 09 15:27:03 +0000 2024","0","Golpe bajo para Claudia Sheinbaum | Declaran en quiebra la empresa de aceros AHMSA: la advertencia de AMLO Pinche pasquin mentiroso esa Empresa no es del gobierno ni estatal ni federal es de un particular y q por malos manejos econ√≥micos est√° en quiebra https://t.co/ANBARbqS9V","1855270887244571135","","","es","","0","0","0","https://x.com/JoseRob01035113/status/1855270887244571135","1451921192596742146","JoseRob01035113"
"1855332716239290662","Sat Nov 09 19:32:44 +0000 2024","159"," Por qu√© AMLO los derrot√≥ La derecha en M√©xico fracas√≥ en su intento de eliminar de la vida pol√≠tica a AMLO con una guerra judicial. Sin embargo esto no ha terminado: la oposici√≥n ahora concentrar√° sus fuerzas para tratar de deslegitimar a la Presidenta Claudia Sheinbaum","1855332716239290662","","","es","M√©xico","4","7","70","https://x.com/SinEmbargoMX/status/1855332716239290662","244218738","SinEmbargoMX"
"1855397774050922915","Sat Nov 09 23:51:15 +0000 2024","1168"," La gran Claudia Pizarro saco a pasear a Gabriel Alamparte. Lo trato de perkin de la derecha y de mocito de la Katherine Martorell ante el cuestionamiento de Alamparte por el recuento de votos. https://t.co/QCjEqqN9Hv","1855397774050922915","https://pbs.twimg.com/media/Gb-ycTRbMAAa6ij.jpg","","es","Chile","4","31","412","https://x.com/RobertoMerken/status/1855397774050922915","888930378148438016","RobertoMerken"
"1854659521307984164","Thu Nov 07 22:57:42 +0000 2024","0","¬øSi en realidad Trump cumple su compromiso de reventar al narco y a los comunistas que ser√° de Claudia Amlo y toda la bola de s√°trapas y que medran del erario?.","1854659521307984164","","","es","","0","0","0","https://x.com/DavidRamos88064/status/1854659521307984164","1854487845500506129","DavidRamos88064"
"1855314075917615241","Sat Nov 09 18:18:40 +0000 2024","1","Weeeey neta que me llena un chingo ver a mi co direc y notar que me estima somos como AMLO y Claudia jajajajaj ","1855314075917615241","","","es","","0","0","0","https://x.com/diannnebbbbbb/status/1855314075917615241","1353169504944201729","diannnebbbbbb"
"1855097067686740313","Sat Nov 09 03:56:21 +0000 2024","0","Al chile Todos esos que piensan que AMLO o Claudia son malos presidentes seguramente tienen menos de 24 a√±os. Mocosos que nunca han le√≠do un libro de historia el Tik tok les ha hecho tanto da√±o.","1855097067686740313","","","es","Tallahassee, FL","0","0","0","https://x.com/hardstonks/status/1855097067686740313","1320868994031722496","hardstonks"
"1855151242953343324","Sat Nov 09 07:31:38 +0000 2024","0","https://t.co/Dol49ecgy0 AMLO y Claudia dictadores","1855151242953343324","","","es","","0","0","0","https://x.com/rdlfmrtnz/status/1855151242953343324","428664247","rdlfmrtnz"
"1855093871878815904","Sat Nov 09 03:43:39 +0000 2024","0","If Kamala ran as a Claudia/AMLO instead of a Hillary/Biden then she would have won.","1855093871878815904","","","en","New Mexico, USA","0","0","0","https://x.com/misafrancoO/status/1855093871878815904","53950852","misafrancoO"
"1853977987911487619","Wed Nov 06 01:49:32 +0000 2024","1627","Ayer Claudia L√≥pez se cre√≠a Claudia Sheinbaum y hoy se cree Kamala Harris. En realidad Claudia L√≥pez es otra Mar√≠a Fernanda Cabal.","1853977987911487619","","","es","Bogot√°, D.C., Colombia","2","26","396","https://x.com/ContraGodarria/status/1853977987911487619","348218292","ContraGodarria"
"1854916675620966546","Fri Nov 08 15:59:32 +0000 2024","1","Claudia no era ni la m√°s querida ni la m√°s eficiente ni mucho menos al contrario era la m√°s qlera inmamable y sin sentimientos esa chingadera ni sentimientos tiene la eligieron las elites del pa√≠s pero fingen que no la 4t termino con amlo tristemente. https://t.co/dUMfS3R7OR","1854916675620966546","https://pbs.twimg.com/media/Gb3803XWUAAgBS0.jpg","","es","","0","3","0","https://x.com/geopoliticssgr/status/1854916675620966546","1564887057524297728","geopoliticssgr"
"1855033702906314987","Fri Nov 08 23:44:34 +0000 2024","1","Claro que no AMLO debe de regresar a la presidencia y a Claudia hay que mandarla de embajadora a las islas Fiji ","1855033702906314987","","","es","","0","2","0","https://x.com/El_Trimax/status/1855033702906314987","90801734","El_Trimax"
"1854689945182461977","Fri Nov 08 00:58:36 +0000 2024","3","si vapeas decepcionas a claudia sheinbaum y a amlo","1854689945182461977","","","es","","0","0","0","https://x.com/rxaxam/status/1854689945182461977","1641559365269303306","rxaxam"
"1855339734483996850","Sat Nov 09 20:00:37 +0000 2024","87","El gobierno del expresidente Andr√©s Manuel L√≥pez Obrador desarticul√≥ las instituciones y las leyes que protegen el medio ambiente: sin embargo ¬øla administraci√≥n de Claudia Sheinbaum podr√° revertir el da√±o ocasionado? Ô∏èLuis Zambrano https://t.co/nijjFnspjW","1855339734483996850","","","es","Mexico","0","14","24","https://x.com/Gatopardocom/status/1855339734483996850","216807756","Gatopardocom"
"1854035272050311549","Wed Nov 06 05:37:09 +0000 2024","274","Hoy damos un paso decisivo para lograr justicia e igualdad. Gracias a nuestra primera presidenta la Dra. @Claudiashein M√©xico se compromete a transformar las estructuras patriarcales que durante tanto tiempo han mantenido a las mujeres en desventaja y que desde hace tres a√±os","1854035272050311549","","","es","Sonora, M√©xico","6","26","98","https://x.com/AlfonsoDurazo/status/1854035272050311549","211307172","AlfonsoDurazo"
"1854965996517212626","Fri Nov 08 19:15:31 +0000 2024","4","@catrina_nortena Alguien av√≠senle a @CiroGomezL y su pati√±o que Trump mand√≥ muchos saludos a su amigo AMLO. ¬øQui√©n es el que anda huido en Espa√±a Ciro?. Otro final feliz https://t.co/12PkSaHNCD","1854965996517212626","https://pbs.twimg.com/media/Gb4puxbW8AA-M8D.jpg","catrina_nortena","es","Aguascalientes/ CDMX M√©xico üåé","0","1","3","https://x.com/Claudia_ag/status/1854965996517212626","53894146","Claudia_ag"
"1854179447554846787","Wed Nov 06 15:10:03 +0000 2024","6947","TAN CHINGONA #EsClaudia QUE YA TEN√çA EL PLAN D As√≠ es ya ten√≠a la jugada maestra para aplicarla contra los golpistas de la SCJN Orgulloso de mi Presidenta y de la gran alumna del maestro AMLO Viva siempre @Claudiashein https://t.co/LYSAgo0tW3","1854179447554846787","https://pbs.twimg.com/ext_tw_video_thumb/1854176994734342149/pu/img/58fI_AnxUFnu73Zw.jpg","","es","Ciudad de Mexico","36","192","1867","https://x.com/Rocha4T/status/1854179447554846787","2302035528","Rocha4T"
"1855312601741177150","Sat Nov 09 18:12:48 +0000 2024","745","Dec√≠an que era imposible: Que AMLO fuese Presidente Que se lograr√≠a aumentar el salario m√≠nimo Que se redujera la pobreza Que un gobierno de izquierda lograra estabilidad y confianza en M√©xico Que se llevaran a cabo consultas populares Que se lograr√≠a el Plan C Que se https://t.co/22V9C6DuEm","1855312601741177150","https://pbs.twimg.com/media/Gb9k1NAXEAA1Y7V.jpg","","es","","3","90","377","https://x.com/juncalssolano/status/1855312601741177150","899081012172300288","juncalssolano"
"1854274262070424027","Wed Nov 06 21:26:49 +0000 2024","279","La C√°mara Alta ratific√≥ la nominaci√≥n de Dorothy P√©rez como contralora general de la Rep√∫blica convirti√©ndose en la primera mujer en estar a la cabeza de este importante ente fiscalizador. Esta ma√±ana nos reunimos y abordamos la importancia que tiene esta instituci√≥n para https://t.co/6FYegAY8JQ","1854274262070424027","https://pbs.twimg.com/media/Gbu0m8pXwA8z8uZ.jpg","","es","Chile","5","61","62","https://x.com/camila_vallejo/status/1854274262070424027","225445834","camila_vallejo"
"1855256045465280571","Sat Nov 09 14:28:04 +0000 2024","1891","Le dijeron la dama de hielo . Pero en realidad la PresidentüÖ∞Ô∏è @Claudiashein es una humanista con el coraz√≥n muy grande. https://t.co/R9NijDOk8Z","1855256045465280571","https://pbs.twimg.com/amplify_video_thumb/1855060217136136192/img/4ihXDGJJRGm_yv_n.jpg","","es","Ciudad de Mexico","10","239","571","https://x.com/Rocha4T/status/1855256045465280571","2302035528","Rocha4T"
"1855110721710768463","Sat Nov 09 04:50:37 +0000 2024","0","El pueblo Tuxtleco est√° molesto por el aumento de migrantes en la ciudad ya que se han apropiado de v√≠as p√∫blicas y se ponen prepotentes y tenemos este desmadre de migraci√≥n gracias a la 4T que form√≥ AMLO y Claudia que permite la aceptaci√≥n de estas personas.","1855110721710768463","","","es","Tuxtla Guti√©rrez, Chiapas","0","0","0","https://x.com/vicentesamcat88/status/1855110721710768463","4879078905","vicentesamcat88"
"1854942954827268346","Fri Nov 08 17:43:58 +0000 2024","2149","No mija esto es por ti y por el partido al que le eres √∫itil ahora. Por todas fuera si las cientos de mujeres que no pueden trabajar tuvieran la oportunidad de hacerlo y cobrar un sueldo para mantener a sus hijos. Sueldo que ganas sin hacer nada. Por todas fuera si al","1854942954827268346","","","es","Donde mis alas manden ","12","153","771","https://x.com/cubalondra/status/1854942954827268346","167403465","cubalondra"
"1855355463816171935","Sat Nov 09 21:03:08 +0000 2024","1138"," Van a continuar todos los Planes de Justicia para los Pueblos ind√≠genas Originarios. No hay divorcio. No empezamos de cero. Vamos a darle continuidad y a aumentar el apoyo a las comunidades ; @Claudiashein. Una l√≠der que de verdad defiende los derechos e intereses de los https://t.co/8Q4ZFgA67y","1855355463816171935","https://pbs.twimg.com/ext_tw_video_thumb/1855355129559404544/pu/img/ve6IzQq7CFeNwO37.jpg","","es","","3","44","419","https://x.com/juncalssolano/status/1855355463816171935","899081012172300288","juncalssolano"
"1854646726738821376","Fri Nov 08 04:14:13 +0000 2024","390","@GlodeJo07 Dice que fue entrenada por el mism√≠simo Alfredo Adame... https://t.co/ciNY7zr6jy","1854739176349950005","https://pbs.twimg.com/media/Gb1bc92XIAYcb_P.jpg","GlodeJo07","es","Bitcoin city, El Salvador.","0","9","15","https://x.com/poxpost/status/1854739176349950005","702180060782931968","poxpost"
"1854956245155037589","Fri Nov 08 22:33:05 +0000 2024","34","@XochitlGalvez T√∫ no cantas mal las rancheras Chochil ; as√≠ que mejor c√°llate y deja de colgarte de las tragedias de AMLO de Claudia. Para regadas t√∫. No eres la indicada para juzgar. Me saludas a la se√±ora ABC ABC @Mzavalagc https://t.co/IIdyks28CG","1855015713561338356","https://pbs.twimg.com/media/Gb5W9dwWkAAMHuU.jpg","XochitlGalvez","es","","0","1","9","https://x.com/PILUKATRON/status/1855015713561338356","778726756668743682","PILUKATRON"
"1855372846349898117","Sat Nov 09 22:12:12 +0000 2024","3860","#AvanzaElPlanC No hay nada mejor que mirar a los ancianitos recibiendo su apoyo de bienestar Gracias amlo @lopezobrador_ tu pueblo nunca te olvida y tu legado vivir√° por siempre. A DISFRUTAR LO VOTADO y seguimos con nuestra presidenta @Claudiashein https://t.co/lRLEQv83zI","1855372846349898117","https://pbs.twimg.com/ext_tw_video_thumb/1855372821297254401/pu/img/5Fc-bTrU9PX9BwL4.jpg","","es","","26","358","826","https://x.com/Dexter95__/status/1855372846349898117","1378892635465732096","Dexter95__"
"1854596668668416071","Thu Nov 07 18:47:57 +0000 2024","12","Cualquier derechango odiador de AMLO Claudia y la 4T para hacerle una rola metalera ","1854596668668416071","","","es","La Aml√≥sfera","0","2","4","https://x.com/MissSunshine4/status/1854596668668416071","1349200227018928129","MissSunshine4"
"1854739721462628550","Fri Nov 08 04:16:23 +0000 2024","0","Lo √∫nico que me alegra de que la dictadura la empezar√° Claudia y no amlo es que... ahora podremos tener otro ejemplo del fracaso del matriarcado xD","1854739721462628550","","","es","M√©xico (Saquenme de aqui)","0","0","0","https://x.com/topyte1331/status/1854739721462628550","1520591311576965120","topyte1331"
"1854900740348584365","Fri Nov 08 14:56:13 +0000 2024","0","El gran m√©rito de AMLO fue haber cambiado la tendencia y el modelo de atenci√≥n a la inseguridad: Claudia Sheinbaum @Claudiashein https://t.co/AC26iMwyFA","1854900740348584365","https://pbs.twimg.com/ext_tw_video_thumb/1854900515814920193/pu/img/g5y1bZI_KPOy21m_.jpg","","es","Heroica Puebla de Zaragoza","0","0","0","https://x.com/LibrexpresionP/status/1854900740348584365","1355742588192632832","LibrexpresionP"
"1854979492923462025","Fri Nov 08 20:09:09 +0000 2024","1","Trump env√≠a saludos a AMLO en llamada con Claudia Sheinbaum https://t.co/WIf3ao4kgn","1854979492923462025","https://pbs.twimg.com/ext_tw_video_thumb/1854979282524626944/pu/img/27H9TIPl8vZJAxd4.jpg","","es","","0","0","1","https://x.com/cobertura360mx/status/1854979492923462025","1145820300954624000","cobertura360mx"
"1854570113212486011","Thu Nov 07 17:02:25 +0000 2024","0","El gobierno del expresidente Andr√©s Manuel L√≥pez Obrador desarticul√≥ las instituciones y las leyes que protegen el medio ambiente: sin embargo ¬øla administraci√≥n de Claudia Sheinbaum podr√° revertir el da√±o ocasionado? Ô∏èLuis Zambrano https://t.co/nijjFnspjW","1854570113212486011","","","es","Mexico","0","0","0","https://x.com/Gatopardocom/status/1854570113212486011","216807756","Gatopardocom"
"1854754045648376039","Fri Nov 08 05:13:18 +0000 2024","0","Que conste que amo a Israel pregunta: Que piensa la comunidad jud√≠a del actuar de Claudia porque pareciera que es Nacional Socialista y que su dios es AMLO y est√°n de acuerdo en que este destruyendo las instituciones mexicanas por el odio del mascusoano. Nos podr√≠an compartir.","1854754045648376039","","","es","Ciudad de Mexico. ","0","0","0","https://x.com/ALBERTOMIRELES3/status/1854754045648376039","1909322970","ALBERTOMIRELES3"
"1855024155697332508","Fri Nov 08 23:06:38 +0000 2024","0"," Imag√≠nense que no hubiera llegado L√≥pez Obrador dijo Claudia Sheinbaum. L√≥pez Obrador: 199 621 asesinatos Pe√±a Nieto: 156 066 asesinatos Felipe Calder√≥n: 120 463 asesinatos Gobierno de AMLO sum√≥ 20 mil mujeres asesinadas en el pa√≠s","1855024155697332508","","","es","Cuauht√©moc, Distrito Federal","0","0","0","https://x.com/jrene84/status/1855024155697332508","266032100","jrene84"
"1854558948403380641","Thu Nov 07 16:18:03 +0000 2024","0","AMLO/Claudia doesn't count for Mexico?? Not surprising they leave out the only true left wing government.","1854558948403380641","","","en","Buffalo, NY","0","0","0","https://x.com/BagsFoSho/status/1854558948403380641","25886177","BagsFoSho"
"1854537199376871773","Thu Nov 07 14:51:38 +0000 2024","237","En M√©xico es un orgullo ser liderados por una mujer como la Presidenta @Claudiashein https://t.co/MTxcVd4AgP","1854537199376871773","https://pbs.twimg.com/media/GbyjwNPaQAAAl4p.jpg","","es","Cdmx","2","21","104","https://x.com/guti_remo1982/status/1854537199376871773","1211071594765832192","guti_remo1982"
"1855015334492635144","Fri Nov 08 22:31:34 +0000 2024","2","AMLO CLAUDIA SHEINBAUM Y MORENA ESTAN DESTRUYENDO M√âXICO... QU√â CORAJE ","1855015334492635144","","","es","","0","0","1","https://x.com/Erotica_Magia/status/1855015334492635144","1397823918224850945","Erotica_Magia"
"1854739108532195467","Fri Nov 08 04:13:57 +0000 2024","0","Que jugada de nuestra presidenta.üá≤üáΩüá≤üáΩ No s√© equivoc√≥ nuestro presidente amlo en decir que Claudia es mucho m√°s astuta.","1854739108532195467","","","es","mexico","0","0","0","https://x.com/ANTHONYRN1/status/1854739108532195467","453014127","ANTHONYRN1"
"1854890163756843059","Fri Nov 08 14:14:11 +0000 2024","11","Trump ya hasta le mand√≥ saludos a AMLO v√≠a Claudia. **fachairos se retuercen de c√≥lera.","1854890163756843059","","","es","","0","0","2","https://x.com/pollowsky666/status/1854890163756843059","478031517","pollowsky666"
"1854898513399697642","Fri Nov 08 14:47:22 +0000 2024","0","‚ñ∂Ô∏è Fue una llamada muy cordial Claudia Sheinbaum presidenta de M√©xico ofrece m√°s detalles de su llamada con #Trump presidente electo de Estados Unidos; asegura que le pidi√≥ que le enviara saludos a #AMLO #LaMa√±aneraDelPueblo https://t.co/zXiWPMMXoE","1854898513399697642","https://pbs.twimg.com/amplify_video_thumb/1854897954156359680/img/cDZaQMzBDYzCTFuS.jpg","","es","","0","0","0","https://x.com/heraldodemexico/status/1854898513399697642","846899281806082053","heraldodemexico"
"1855329306920026321","Sat Nov 09 19:19:11 +0000 2024","5080","Hola Luc√≠a querida Luc√≠a alumna del cole San Jos√© Jesuitas. No creo que seas muy mayor. Tienes la letra redonda preciosa esa letra que se tiene cuando la vida todav√≠a es una promesa que no se ha roto. Quisiera contarte algunas cosas. Que la primera vez que fui a recoger https://t.co/L1bbGICDWm","1855329306920026321","https://pbs.twimg.com/media/Gb90K-uXEAAbGgu.jpg","","es","","203","132","1589","https://x.com/AmoragaCarmen/status/1855329306920026321","609987794","AmoragaCarmen"
"1855310159444386072","Sat Nov 09 18:03:06 +0000 2024","2111","Unas cositas para las serviles del gobierno que utilizan la violencia de g√©nero a conveniencia mientras defienden a un imb√©cil que solo se preocupa de si sus son grandes o no. Luc√≠a @Lucia_Jaramillo ojal√° en tu tiempo libre revisaras de verdad lo que es violencia. https://t.co/1nlhuUk7vR","1855310159444386072","https://pbs.twimg.com/amplify_video_thumb/1855305138749177856/img/giWOdOBKYkBSUMFD.jpg","","es","Donde mis alas manden ","14","166","906","https://x.com/cubalondra/status/1855310159444386072","167403465","cubalondra"
"1855286256004895096","Sat Nov 09 16:28:07 +0000 2024","257","AMLO nos avis√≥ que @Claudiashein ser√≠a la mejor Presidenta del mundo. Y no se equivoc√≥ ni nos minti√≥. Para all√° va üá≤üáΩ https://t.co/8UIXcHUoqB","1855286256004895096","https://pbs.twimg.com/media/Gb9NBHYW0AARVj8.jpg","","es","Aguascalientes, M√©xico","0","47","132","https://x.com/danysantoyo_/status/1855286256004895096","265784043","danysantoyo_"
"1854542599912144922","Thu Nov 07 15:13:06 +0000 2024","742","Tenemos mucha PresidentA le duela a quien le duela. Y s√≥lo lleva un mes... #EsUnHonorEstarConClaudiaHoy https://t.co/ctIFHRqURb","1854542599912144922","https://pbs.twimg.com/media/Gbyogq6W4AAK9BI.png","","es","","13","232","263","https://x.com/juncalssolano/status/1854542599912144922","899081012172300288","juncalssolano"
"1854889847007395908","Fri Nov 08 14:12:56 +0000 2024","0","Exactamente √©so que criticas hoy es lo que hizo AMLO y hoy Claudia. Ya dejen de solapar porque el que pierde es M√âXICO","1854889847007395908","","","es","","0","0","0","https://x.com/RRUBIO02/status/1854889847007395908","345023789","RRUBIO02"
"1854814092491419915","Fri Nov 08 09:11:55 +0000 2024","3","Ya me perd√≠ en la l√≥gica facha... El hist√≥rico AMLO present√≥ el plan C en su gobierno se aprob√≥ y se public√≥. Seg√∫n los fachos el Dictador y hambriento de poder es YSQ y Claudia es s√≥lo su instrumento sin voluntad propia entonces porque le reclaman a la Presidenta Claudia ?","1854814092491419915","","","es","","0","0","6","https://x.com/JosAnto89195478/status/1854814092491419915","1519708490113069056","JosAnto89195478"
"1854731609460949200","Fri Nov 08 03:44:09 +0000 2024","1","Exactamente muy agradecido y arrastrado el Otero de Krauze @EnriqueAlfaroR @EnriqueKrauze con AMLO y Claudia cuando ha estado junto a ellos.","1854731609460949200","","","es","...","0","0","0","https://x.com/NietzscheAristo/status/1854731609460949200","78647878","NietzscheAristo"
"1855082861579120888","Sat Nov 09 02:59:54 +0000 2024","582","Porque cuando me preguntan si llegamos todas es una s√≥lo una frase.. aqu√≠ tienen la respuesta: Presidenta @Claudiashein https://t.co/1Dngi4Ppj7","1855082861579120888","https://pbs.twimg.com/amplify_video_thumb/1855082805253832704/img/Mzeo_P3TV4adWg78.jpg","","es","","7","63","173","https://x.com/juncalssolano/status/1855082861579120888","899081012172300288","juncalssolano"
"1853984900615229894","Wed Nov 06 02:17:00 +0000 2024","25","Disputa de poderes ¬¨¬†Los rostros de dos polos: de Claudia a Gonz√°lez de AMLO a Zedillo Pi√±a y Carranc√° https://t.co/IrtquspHzg","1853984900615229894","","","es","M√©xico","0","1","13","https://x.com/SinEmbargoMX/status/1853984900615229894","244218738","SinEmbargoMX"
"1855262622959984881","Sat Nov 09 14:54:13 +0000 2024","0","CLAUDIA LA MANO DURA DEL PODER!! #SalinasPliego #AMLO #ClaudiaSheinbaum... https://t.co/VGllrCQ4M4 a trav√©s de @YouTube","1855262622959984881","","","es","M√©xico","0","0","0","https://x.com/guzmanladislao/status/1855262622959984881","340055109","guzmanladislao"
"1854902210791866856","Fri Nov 08 15:02:04 +0000 2024","0","üá≤üáΩüá∫üá∏ Donald Trump me pidi√≥ enviarle saludos a AMLO revela Claudia Sheinbaum. La presidenta de #M√©xico dio a conocer que en su primera llamada con el virtual presidente electo de #EEUU √©ste le pidi√≥ que le mandara saludos al exmandatario mexicano pues tuvo una buena relaci√≥n https://t.co/sryvaPmlNC","1854902210791866856","https://pbs.twimg.com/media/Gb3vpkRWMAAWNLc.jpg","","es","Hermosillo, Sonora","0","1","0","https://x.com/ProyectoPuente/status/1854902210791866856","192022112","ProyectoPuente"
"1855281014886617142","Sat Nov 09 16:07:18 +0000 2024","1615","¬°@Claudiashein lujo de Presidenta! Estamos orgullosos y orgullosas de tener a la primera mujer presidenta en M√©xico feminista cient√≠fica y la segunda l√≠der con m√°s aprobaci√≥n en el mundo seg√∫n Morning Consult. ¬°Vamos por el Segundo Piso de la 4T! https://t.co/EaU1b2v3KY","1855281014886617142","https://pbs.twimg.com/media/Gb9IKO6X0AAk6sy.jpg","","es","","24","471","527","https://x.com/PartidoMorenaMx/status/1855281014886617142","889466488117235712","PartidoMorenaMx"
"1854936123803402569","Fri Nov 08 17:16:49 +0000 2024","0","* AMLO y Claudia ganan* Los conservas:","1854936123803402569","","","es","Puebla, M√©xico","0","0","0","https://x.com/andyfierro10/status/1854936123803402569","720028037295648768","andyfierro10"
"1854893217684070733","Fri Nov 08 14:26:20 +0000 2024","10"," Fue una llamada muy cordial con Donald Trump dice Claudia Sheinbaum; pidi√≥ que le enviara saludos al presidente AMLO . La presidenta de M√©xico @Claudiashein dio a conocer que entre los temas que abord√≥ con el virtual presidente electo de EEUU @realDonaldTrump estuvo la https://t.co/86yQWas815","1854893217684070733","https://pbs.twimg.com/ext_tw_video_thumb/1854893169453756416/pu/img/MNRgtDcu37A81WTm.jpg","","es","Hermosillo, Sonora","0","2","2","https://x.com/elalbertomedina/status/1854893217684070733","136721079","elalbertomedina"
"1855305030489776528","Sat Nov 09 17:42:43 +0000 2024","0","Por qu√© AMLO los derrot√≥ ¬¨ ENTREVISTA ¬¨ La derecha mexicana fracas√≥ y eso prende alertas: ¬øqu√© intentar√° ahora? https://t.co/jYGRPvd1G7","1855305030489776528","","","es","Aguascalientes/ CDMX M√©xico üåé","0","0","0","https://x.com/Claudia_ag/status/1855305030489776528","53894146","Claudia_ag"
"1855246866746687865","Sat Nov 09 13:51:36 +0000 2024","0","Golpe bajo para Claudia Sheinbaum | Declaran en quiebra la empresa de aceros AHMSA: la advertencia de AMLO https://t.co/hcm7BRbjNJ","1855246866746687865","","","es","Houston texas","0","0","0","https://x.com/pedrosflores0/status/1855246866746687865","1470072238904954884","pedrosflores0"
"1854608851774947592","Thu Nov 07 19:36:21 +0000 2024","0","Ya dejen de chillar y cuando los Presidentes pri√≠stas Carlos Salinas de Gortari hasta pe√±a nieto eran absolutos no se quejaban pero ahora como no les toca nada del erario p√∫blico pero protestan marchan bloquean todo 4 T AH! AMLO Y CLAUDIA SON TIRANOS","1854608851774947592","","","es","","0","0","0","https://x.com/RosaCastae95393/status/1854608851774947592","1723804760678318080","RosaCastae95393"
"1855068483936981274","Sat Nov 09 02:02:46 +0000 2024","0","Trump muy muy cordial ¬¨ See you soon dijo expresidente reelecto de EU a Claudia. Y mand√≥ saludos a AMLO https://t.co/iJHCoWVMyB","1855068483936981274","","","es","","0","0","0","https://x.com/Tigreshe/status/1855068483936981274","589578061","Tigreshe"
"1855272635371864328","Sat Nov 09 15:34:00 +0000 2024","0","Claudia Sheinbaum: c√≥mo se comparan las ma√±aneras de la presidenta con las de AMLO (y qu√© dice de lo que ser√° su gobierno) - BBC News Mundo https://t.co/Wum17BLffF","1855272635371864328","","","es","M√©xico","0","0","0","https://x.com/antonio_navalon/status/1855272635371864328","55327445","antonio_navalon"
"1854641956787569112","Thu Nov 07 21:47:54 +0000 2024","754"," Claudia supera dos pruebas: buen comienzo con Trump y la bronca judicial. @galvanochoa en El Once https://t.co/Zd0mffbb1z","1854641956787569112","https://pbs.twimg.com/amplify_video_thumb/1854641830371147776/img/NegSOsjl4smA8zPV.jpg","","es","M√©xico","3","16","308","https://x.com/galvanochoa/status/1854641956787569112","36109768","galvanochoa"
"1855262514637865272","Sat Nov 09 14:53:47 +0000 2024","1","¬° A M L O T E N √ç A R A Z √ì N ! Momento INESPERADO Claudia DETIENE su discurso POR ESTO ! https://t.co/LB62LtT9AD #CLAUDIA #SHEINBAUM #LopezObrador #NormaPi√±a #MINISTROS #PoderJudicial #SCJN #UltimaHora #DisfrutandoLoVotado #ClaudiaSheinbaum #AMLO https://t.co/Xq2YPAJMSJ","1855262514637865272","https://pbs.twimg.com/media/Gb8tmwLXsAASRFZ.png","","es","","0","0","1","https://x.com/ESPOLITIC/status/1855262514637865272","954093142831239168","ESPOLITIC"
"1853987072081584443","Wed Nov 06 02:25:38 +0000 2024","12391","Claudia no tiene nada que celebrar. Se le viene el mundo encima con Donald Trump. Aranceles endurecimiento de la pol√≠tica migratoria renegociaci√≥n del TMEC y una posible invasi√≥n armada para combatir el tr√°fico de fentanilo. Estamos a unos meses de ver su peque√±ez.","1853987072081584443","","","es","19.569300,-99.326335","105","1963","1834","https://x.com/LOVREGA/status/1853987072081584443","249812258","LOVREGA"
"1854899175324107134","Fri Nov 08 14:50:00 +0000 2024","93"," #√öltimaHora ¬¨ Trump muy muy cordial See you soon dijo expresidente reelecto de EU a Claudia. Y mand√≥ saludos a AMLO https://t.co/AfCQ8CoDYt https://t.co/KX2uEJd9zM","1854899175324107134","https://pbs.twimg.com/media/Gb3rNVebwAQqqds.jpg","","es","M√©xico","0","4","41","https://x.com/SinEmbargoMX/status/1854899175324107134","244218738","SinEmbargoMX"
"1854931165087506482","Fri Nov 08 18:56:10 +0000 2024","57","@NachoRgz @Claudiashein Naaaaa AMLO cap√≠tulo cerrado Claudia tiene con que hacer frente a Trump y adem√°s esto de volver no va con los valores de AMLO por eso fue especial como presidente abri√≥ el camino y ahora les toca y nos toca andar por el y hacer a este pa√≠s mejor todav√≠a sobre esas bases.","1854961124149448935","","NachoRgz","es","","0","7","6","https://x.com/carlosctmx/status/1854961124149448935","1695163530","carlosctmx"
"1854975094516547837","Fri Nov 08 19:51:40 +0000 2024","1","A mis 59 a√±os es casi incre√≠ble poder decir que M√©xico üá≤üáΩ es ejemplo para el mundo . Gracias AMLO gracias Claudia gracias 4T ‚ÄºÔ∏è","1854975094516547837","","","es","","0","0","1","https://x.com/RafaelR79387520/status/1854975094516547837","1575819893886550016","RafaelR79387520"
"1853982178633199639","Wed Nov 06 02:06:11 +0000 2024","579","Claudia Sheinbaum no solo es el rostro autoritario dictatorial y tir√°nico de AMLO si no que ahora tiene tres veces m√°s poder que √©l: ejecutivo legislativo judicial y militar. Qu√© peligro. Que Dios nos agarre confesados.","1853982178633199639","","","es","","0","32","123","https://x.com/JuanPabloFdz/status/1853982178633199639","113754149","JuanPabloFdz"
"1855268273140727960","Sat Nov 09 15:16:40 +0000 2024","7"," El Manual de Amlo (y Trump) para Claudia https://t.co/im040gzuf2","1855268273140727960","","","es","M√©xico, DF San Luis Potosi SLP","0","0","7","https://x.com/cpgarcieral/status/1855268273140727960","1315733816","cpgarcieral"
"1855125933859991677","Sat Nov 09 05:51:03 +0000 2024","0","Naca Claudia sheinbaum es el peor error de AMLO haberla postulado para la presidenta de M√©xico nada que ver con amlo de cient√≠fica tiene lo q yo de astronauta la verdad Claudia es una inche india no tiene ni. La m√≠nima idea de como gobernar y conducir un pa√≠s como mexico","1855125933859991677","","","es","","0","0","0","https://x.com/perroni673009/status/1855125933859991677","1844904296372109318","perroni673009"
"1854917640499658946","Fri Nov 08 16:03:22 +0000 2024","17","ANSIABAN QUE @Claudiashein RETROCEDIERA Y SE DESLINDARA DE AMLO para acunarse en los Odiadores. Ya se los hab√≠a dicho AMLO: √âl es fresita junto a Claudia.","1854917640499658946","","","es","Quer√©taro, Qro.","0","1","7","https://x.com/Migueliz8/status/1854917640499658946","1015772541124833282","Migueliz8"
"1854904253283746261","Fri Nov 08 15:10:11 +0000 2024","2560"," Imag√≠nense que no hubiera llegado L√≥pez Obrador dijo Claudia Sheinbaum. L√≥pez Obrador: 199 621 asesinatos Pe√±a Nieto: 156 066 asesinatos Felipe Calder√≥n: 120 463 asesinatos Gobierno de AMLO sum√≥ 20 mil mujeres asesinadas en el pa√≠s En el sexenio de AMLO https://t.co/R2lPE9ptAI","1854904253283746261","https://pbs.twimg.com/amplify_video_thumb/1854904151274086400/img/GWABJbd0jvgRM409.jpg","","es","","42","249","1367","https://x.com/JJDiazMachuca/status/1854904253283746261","1005155561313308672","JJDiazMachuca"
"1854710415403389351","Fri Nov 08 02:19:56 +0000 2024","366",".@lopezobrador_ sent√≥ las bases. Y con @Claudiashein viene una nueva era dorada para la econom√≠a del pa√≠s el milagro mexicano 2.0 . https://t.co/zCOpapejxT","1854710415403389351","https://pbs.twimg.com/media/Gb1BSzRWAAoMSjH.jpg","","es","Puebla, M√©xico","2","12","125","https://x.com/FreddyOliviery/status/1854710415403389351","1372745266420350981","FreddyOliviery"
"1855071472680567288","Sat Nov 09 02:14:39 +0000 2024","2513","#√öLTIMAHORA Ô∏è | ¬°Lleg√≥ en avi√≥n comercial y con un recibimiento espectacular! La Dra. @Claudiashein llega a San Luis Potos√≠ y es recibida con aplausos y apoyo del pueblo el d√≠a de hoy üá≤üáΩ. ¬°M√©xico sigue firme y estable a pesar de los malos augurios de los PANISTAS https://t.co/P1uaOqbEhB","1855071472680567288","https://pbs.twimg.com/ext_tw_video_thumb/1855070457378091008/pu/img/QeOUimqusuDPjZIB.jpg","","es","","5","89","834","https://x.com/IsaiRamirezR/status/1855071472680567288","986841875452694529","IsaiRamirezR"
"1854730212958675456","Fri Nov 08 03:38:36 +0000 2024","250","As√≠ es Ro lo recuerdas muy bien yo desde que vi a la Doctora la primera vez se me ilumin√≥ el coraz√≥n y me dije ella ser√° nuestra pr√≥xima presidenta y se lo expres√© ese d√≠a. Es lo mejor que le pudo pasar a M√©xico despu√©s de un gran Presidente como @lopezobrador_ que mejor","1854730212958675456","","","es","Distrito Federal, M√©xico","1","9","62","https://x.com/EdySmol/status/1854730212958675456","789730291","EdySmol"
"1854606323633037639","Thu Nov 07 19:26:19 +0000 2024","301","Hemos estado hablando con Isabel Moreno sobre su personaje Claudia en la seria diaria Sue√±os de libertad Muy pronto entrevista completa en nuestro canal de youtube @anagarciamell #Suenosdelibertad #Claudia https://t.co/Qj9GKTgvyg","1854606323633037639","https://pbs.twimg.com/amplify_video_thumb/1854606213675122704/img/9uve1_sa237MMRyT.jpg","","es","Espa√±a","17","12","24","https://x.com/rawmgzn/status/1854606323633037639","1432525430398062594","rawmgzn"
"1853981906716766382","Wed Nov 06 02:05:06 +0000 2024","583","Un gran triunfo!!! Gracias mi comandante supremo AMLO. Lic.Andres Manuel L√≥pez Obrador üá≤üáΩ VIVA M√âXICO üá≤üáΩ VIVA √âL OBRADORISMO!! https://t.co/zbIKOcpYZt","1853981906716766382","https://pbs.twimg.com/media/GbqquAiaQAAf_Sq.jpg","","es","En algun lugar del planeta ","3","21","268","https://x.com/Jacinta_Camila/status/1853981906716766382","1150491992389894144","Jacinta_Camila"
"1854906725675286827","Fri Nov 08 15:20:00 +0000 2024","2","#Ma√±aneraEn321Ô∏è ¬°Hasta saludos le mandaron a AMLO! Claudia Sheinbaum cuenta c√≥mo fue la primera conversaci√≥n entre ella y Donald Trump https://t.co/sAyU8Lj01C","1854906725675286827","","","es","M√©xico","0","0","0","https://x.com/Nacion321/status/1854906725675286827","753034902308696065","Nacion321"
"1854931165087506482","Sat Nov 09 03:07:18 +0000 2024","31","@NachoRgz @Claudiashein No es posible. Hay que respetar el m√°s que merecido descanso de nuestro querido AMLO. Claudia y el pueblo de Mx podemos con Trump.","1855084725204906412","","NachoRgz","es","","0","6","3","https://x.com/jkJenny/status/1855084725204906412","215144551","jkJenny"
"1855093650868371945","Sat Nov 09 03:42:46 +0000 2024","267","EL MOMENTOÔ∏è En San Luis Potos√≠: una ni√±a subi√≥ al templete y al ver a @Claudiashein grit√≥ ¬°Presidenta! La mandataria la carg√≥ y continu√≥ su discurso üá≤üáΩ‚Äç https://t.co/gcmnao6zok","1855093650868371945","https://pbs.twimg.com/amplify_video_thumb/1855093596753416192/img/S_Fz7HvnYXlkm-Zj.jpg","","es","","20","443","45","https://x.com/LuisCardenasMx/status/1855093650868371945","69334913","LuisCardenasMx"
"1854155270555115791","Wed Nov 06 13:33:59 +0000 2024","366","‚ÄºÔ∏èEsta es la defensa del pueblo de M√©xico..‚ÄºÔ∏è La PRESIDENTüÖ∞Ô∏è @Claudiashein no cedi√≥ siquiera una coma un cent√≠metro un respiro. A pesar de las amenazas de destituci√≥n y encarcelamiento. Que gran lecci√≥n de car√°cter patriotismo inteligencia y templanza nos ha dado. Tenemos https://t.co/NqE7OoFXvf","1854155270555115791","https://pbs.twimg.com/amplify_video_thumb/1854154417026789376/img/cISGc3HbsWKrFrGv.jpg","","es","","4","11","185","https://x.com/Argelia85331639/status/1854155270555115791","934802761081909248","Argelia85331639"
"1855017774999126140","Fri Nov 08 22:41:16 +0000 2024","3","Totalmente de acuerdo contigo disfrutando lo votado gracias AMLO y Claudia Sheinbaum","1855017774999126140","","","es","","0","0","0","https://x.com/joaquinguacho/status/1855017774999126140","1442283445","joaquinguacho"
"1854915948479746118","Fri Nov 08 15:56:39 +0000 2024","2","üá∫üá∏ Fue una llamada muy cordial y estamos contentos por ello asever√≥ la presidenta de M√©xico Claudia Sheinbaum respecto de la llamada que sostuvo con Donald Trump presidente electo de Estados Unidos para felicitarlo por su triunfo quien le mand√≥ saludos a AMLO. https://t.co/ecPRQFPDN9","1854915948479746118","https://pbs.twimg.com/ext_tw_video_thumb/1854915405644443648/pu/img/k7LrPXcmFgTM90U8.jpg","","es","Puebla, M√©xico","0","0","0","https://x.com/e_consulta/status/1854915948479746118","25695532","e_consulta"
"1854007105260265916","Wed Nov 06 03:45:14 +0000 2024","2003","No nos rendimos convocamos a la organizaci√≥n para combatir el gobierno autoritario de @Claudiashein que tiene pr√°cticas de la delincuencia organizada https://t.co/877AJFRXQE","1854007105260265916","https://pbs.twimg.com/media/GbrBoldXIA8AMBg.jpg","","es","M√©xico","33","493","1081","https://x.com/EmilioAlvarezI/status/1854007105260265916","79261834","EmilioAlvarezI"
"1854679245538341288","Fri Nov 08 00:16:05 +0000 2024","0","Estos #TraidoresDeLaDemocracia y los legisladores de Morena y sus aliados (PVEM y PT) fueron los que hicieron posible que AMLO y Claudia Sheinbaum destruyeran nuestra democracia ","1854679245538341288","","","es","Pachuca, Hidalgo. M√©xico","0","0","0","https://x.com/FedericoHerBa/status/1854679245538341288","94469191","FedericoHerBa"
"1854569076732965195","Thu Nov 07 16:58:18 +0000 2024","640","Dialogan @Claudiashein y Trump: Hablamos de la buena relaci√≥n que habr√° entre M√©xico y EU dice ella https://t.co/hjtcZXC7wc","1854569076732965195","","","es","Ciudad de M√©xico","0","17","224","https://x.com/alvaro_delgado/status/1854569076732965195","82788234","alvaro_delgado"
"1855101292575637529","Sat Nov 09 04:13:08 +0000 2024","0","AMLO y su grandeza no puedes opacar a Claudia. D√©mosle tiempo.","1855101292575637529","","","es","","0","0","0","https://x.com/ConstantinoLe16/status/1855101292575637529","1540481250976227330","ConstantinoLe16"
"1855240327197565359","Sat Nov 09 13:25:37 +0000 2024","1","Tengo celos de que Claudia supere a AMLO. C√≥mo se les quiere CHIHUAHUAAAAA!!!!!!!! Que bonito es lo bonito dice Chente desde allacito. Ujaleeeee .!!!! Olviden lo de celos .","1855240327197565359","","","es","","0","0","0","https://x.com/aelb08/status/1855240327197565359","937378491292626944","aelb08"
"1854934391270576173","Fri Nov 08 17:09:56 +0000 2024","6","El canciller Juan Ram√≥n de la Fuente anunci√≥ que el gobierno de Claudia Sheinbaum mantiene el modelo migratorio implementado por la administraci√≥n de AMLO porque funciona . Se√±al√≥ la reducci√≥n del 76% en los cruces de migrantes en la frontera desde diciembre pasado.","1854934391270576173","","","es","M√©xico","0","1","2","https://x.com/scherermar/status/1854934391270576173","144721801","scherermar"
"1854288474410528961","Wed Nov 06 22:23:17 +0000 2024","525","CLAUDIA acepta que HUBO FRAUDE no puede DESMENTIR el VIDEO de las BOLETAS PLANCHADAS AMLO Sheinbaum INE TEPJF y MoReNa son: ‚ÄºÔ∏èC√ìMPLICES del MEGA FRAUDE‚ÄºÔ∏è #PresidenteInterinoYa https://t.co/3vPSXh73w6","1854288474410528961","https://pbs.twimg.com/ext_tw_video_thumb/1854288341744734212/pu/img/i8tVVAlIzB1FloUE.jpg","","es","Mexico","12","18","416","https://x.com/PazConDialogo/status/1854288474410528961","91870046","PazConDialogo"
"1854948248856748448","Fri Nov 08 18:05:00 +0000 2024","0","Mantiene Claudia Sheinbaum modelo migratorio de AMLO; funciona dice SRE https://t.co/nkALFi0233","1854948248856748448","","","es","Saltillo","0","0","0","https://x.com/heraldosaltillo/status/1854948248856748448","73421497","heraldosaltillo"
"1855032502328463726","Fri Nov 08 23:39:48 +0000 2024","1","Trump muy muy cordial ¬¨ See you soon dijo expresidente reelecto de EU a Claudia. Y mand√≥ saludos a AMLO https://t.co/gktgE00wwG","1855032502328463726","","","es","Campeche, Santa Catarina","0","0","0","https://x.com/carlagastal/status/1855032502328463726","52076129","carlagastal"
"1855274935171641571","Sat Nov 09 15:43:08 +0000 2024","0","Q poca madr3 de este invecil para el 27 el 70% votara por Morena la 4t trnsformacion Amlo y Claudia SI.","1855274935171641571","","","es","","0","0","0","https://x.com/mipgranados/status/1855274935171641571","1639281222722494465","mipgranados"
"1855102311174955030","Sat Nov 09 04:17:11 +0000 2024","0","¬°Le mand√≥ saludos a AMLO! Claudia Sheinbaum revela los detalles de su llamada con Trump https://t.co/W1SkqsaGSy via @YouTube","1855102311174955030","","","es","","0","0","0","https://x.com/Jo3Gr33n/status/1855102311174955030","518347621","Jo3Gr33n"
"1854723505054449938","Fri Nov 08 03:11:57 +0000 2024","11","La presidenta Claudia Sheinbaum (@Claudiashein) hab√≠a pensado en replicar lo que expresidente L√≥pez Obrador hab√≠a hecho hace cuatro a√±os con Joe Biden pero como dice el dicho es de sabios cambiar de opini√≥n. https://t.co/2DWf8Fkxuk","1854723505054449938","","","es","M√©xico","0","12","3","https://x.com/ElFinanciero_Mx/status/1854723505054449938","119051398","ElFinanciero_Mx"
"1854901902728737135","Fri Nov 08 15:00:50 +0000 2024","5"," Fue una llamada muy cordial dice Claudia Sheinbaum sobre la llamada con Trump en la que el mandatario estadounidense le mand√≥ saludos a AMLO. Tambi√©n se√±al√≥ que a√∫n no se env√≠an las invitaciones para la toma de posesi√≥n. #PorLaMa√±ana https://t.co/U1jtiQwWti","1854901902728737135","https://pbs.twimg.com/amplify_video_thumb/1854901798198190080/img/NE3HtbLO9a4n6WCd.jpg","","es","Ciudad de Mexico","0","1","1","https://x.com/Radio_Formula/status/1854901902728737135","148372339","Radio_Formula"
"1853969453438124472","Wed Nov 06 01:15:37 +0000 2024","1294"," TAPA BOCA | Alejandro Alarc√≥n economista y acad√©mico de la Universidad de Chile le responde a la ministra @camila_vallejo : ministra en que pa√≠s est√° viviendo!!! https://t.co/wlMl7aSJCa","1853969453438124472","https://pbs.twimg.com/amplify_video_thumb/1853968785893425157/img/9dIUH2-NLL79gqP_.jpg","","es","Patagonia Chilena ","26","30","830","https://x.com/KrAn_Libertario/status/1853969453438124472","513706851","KrAn_Libertario"
"1855218783742509302","Sat Nov 09 12:00:00 +0000 2024","20","Trump muy muy cordial ¬¨ See you soon dijo expresidente reelecto de EU a Claudia. Y mand√≥ saludos a AMLO https://t.co/AfCQ8CoDYt","1855218783742509302","","","es","M√©xico","0","2","6","https://x.com/SinEmbargoMX/status/1855218783742509302","244218738","SinEmbargoMX"
"1855059985191125132","Sat Nov 09 01:29:00 +0000 2024","0","Trump muy muy cordial ¬¨ See you soon dijo expresidente reelecto de EU a Claudia... Y mand√≥ saludos a AMLO https://t.co/2eZ6CtPrjx","1855059985191125132","","","es","M√©xico","0","0","0","https://x.com/RitaVarelaM/status/1855059985191125132","109659718","RitaVarelaM"
"1854984739746115784","Fri Nov 08 20:30:00 +0000 2024","0","La presidenta Claudia Sheinbaum mantendr√° la estrategia migratoria establecida por AMLO porque que ha mostrado buenos resultados inform√≥ la Secretar√≠a de Relaciones Exteriores. https://t.co/XLy5Do0Ou3","1854984739746115784","","","es","Aguascalientes","0","0","0","https://x.com/heraldoags/status/1854984739746115784","65233839","heraldoags"
"1854759694910316558","Fri Nov 08 05:35:45 +0000 2024","1","Jajajaja yo tengo otros datos!!!viva la presidenta Claudia claro tambien AMLO y Noro√±a Adan Augusto otro gallo jugado no podria faltar Lania Batres Maria Luisa Alcalde y cerramos con AMLB hay mucha tela de donde cortar.. viva la bendita 4T..","1854759694910316558","","","es","","0","0","0","https://x.com/EmilioMont37491/status/1854759694910316558","1747098422195236864","EmilioMont37491"
"1854911954747613426","Fri Nov 08 15:40:47 +0000 2024","0","Excelente art√≠culo!! Trump y amlo son iguales y si ojal√° que claudia entienda que se enfrentar√° al mismo r√©gimen que est√° construyendo en M√©xico uno gobernado por los ignorantes y corruptos!! @econokafka ","1854911954747613426","","","es","","0","0","0","https://x.com/Claudia12588983/status/1854911954747613426","1427491254313488391","Claudia12588983"
"1854161927653781576","Wed Nov 06 14:00:26 +0000 2024","1593","Una victoria hist√≥rica. Obedeci√≥ @Claudiashein el mandato que el pueblo le dio en las urnas y con suavidad y firmeza sin perder la sonrisa garantiz√≥ el triunfo de la raz√≥n y la ley. M√©xico se transforma pac√≠ficamente a punta de votos y en libertad https://t.co/pnu9XkiAEs","1854161927653781576","https://pbs.twimg.com/amplify_video_thumb/1854011460705226764/img/8At4b0duBK_p6aLZ.jpg","","es","Mexico","13","68","805","https://x.com/epigmenioibarra/status/1854161927653781576","54649261","epigmenioibarra"
"1853985620588101855","Wed Nov 06 02:19:51 +0000 2024","661","Un d√≠a tendremos que hablar de la penosa instrumentalizaci√≥n de la mujer de pollera en la Asamblea Legislativa Plurinacional. No aportan no debaten no fiscalizan y no plantean absolutamente nada. NO PARTICIPAN m√°s que para el voto y la pelea. https://t.co/uuzGppN32i","1853985620588101855","https://pbs.twimg.com/media/GbquGMVWIAElE_m.jpg","","es","Bolivia üáßüá¥ ","6","81","155","https://x.com/ClauSorucopress/status/1853985620588101855","984225717276807168","ClauSorucopress"
"1854515129460682796","Fri Nov 08 00:47:38 +0000 2024","383","@ClaudioAG16 Tambien es investigadora del CONICET. Opa mediocre y resentido de mierda. #Bloqueado por opa.","1854687188769972596","","ClaudioAG16","es","","0","8","7","https://x.com/ElBotDeClonan/status/1854687188769972596","1760479996932419584","ElBotDeClonan"
"1854727633855996068","Fri Nov 08 03:28:21 +0000 2024","364","Muchas gracias un honor la Presidenta @Claudiashein üá≤üáΩ es y ser√° una l√≠der que sorprender√° para bien a propios y extra√±os por su gran capacidad operatividad experiencia y gran humanismo es un placer compartir momentos y conversaciones como este que citas con ella es una","1854727633855996068","","","es","Distrito Federal, M√©xico","0","11","95","https://x.com/EdySmol/status/1854727633855996068","789730291","EdySmol"
"1854275217775833439","Wed Nov 06 23:24:01 +0000 2024","295","@Claudiashein Ni un paso atr√°s ante ese imb√©cil presidenta. Todo el pueblo de M√©xico la apoya.","1854303757976437052","","Claudiashein","es","CDMX","0","41","33","https://x.com/Jime2002_/status/1854303757976437052","1613007579927711745","Jime2002_"
"1855038342426943591","Sat Nov 09 00:45:33 +0000 2024","9","#EnVivo ¬¨ #LosPeriodistas Trump muy muy cordial ¬¨ See you soon dijo expresidente reelecto de EU a Claudia. Y mand√≥ saludos a AMLO https://t.co/lifcDyF1dM Nota completa: https://t.co/AfCQ8CoDYt https://t.co/iTXMm9Isdv","1855049051412299838","https://pbs.twimg.com/media/Gb51Rt7bwAAwbP1.jpg","SinEmbargoMX","es","M√©xico","0","1","2","https://x.com/SinEmbargoMX/status/1855049051412299838","244218738","SinEmbargoMX"
"1854343098970607691","Thu Nov 07 02:00:21 +0000 2024","282","QUE CHIQUITA SE VE LA PRESIDENTE DESNALGADA @Claudiashein QUE PEQUE√ëITA ES LA PRESIDENTE DESNALGADA. https://t.co/gHqkLhxF90","1854343098970607691","https://pbs.twimg.com/media/GbvzH-WXcAgUX5x.jpg","","es","","6","47","124","https://x.com/skyelmatador/status/1854343098970607691","101690342","skyelmatador"
"1854602218189586664","Thu Nov 07 19:10:00 +0000 2024","16"," Vamos a darle una renovaci√≥n al INM dijo la presidenta Claudia Sheinbaum. Adem√°s destac√≥ la estrategia para atender la migraci√≥n que implement√≥ el expresidente AMLO https://t.co/RnBA6FHzPJ","1854602218189586664","","","es","Centro de la Ciudad de M√©xico","0","18","1","https://x.com/El_Universal_Mx/status/1854602218189586664","16676396","El_Universal_Mx"
"1854623596288917997","Thu Nov 07 21:53:22 +0000 2024","290","@ClaudioXGG @Claudiashein Lo malo es que ustedes no dialogan quieren imponer y ese tiempo ya pas√≥ a√∫n no entienden que ya NO MANDAN EN EL PA√çS ‚ÄçÔ∏è","1854643330920960241","","ClaudioXGG","es","CDMX","2","12","56","https://x.com/DIVALUSTAR/status/1854643330920960241","4455864341","DIVALUSTAR"
"1855030408234066312","Fri Nov 08 23:31:28 +0000 2024","0","Mejor el doctor Gatell que regrese al gobierno de mi Presi Claudia sheimbaum AMLO que siga escribiendo....","1855030408234066312","","","es","","0","0","0","https://x.com/JuanMon48647963/status/1855030408234066312","1799833055013576704","JuanMon48647963"
"1855005902321180961","Fri Nov 08 21:54:06 +0000 2024","0","GOLPE BAJO para CLAUDIA SHEINBAUM | Declaran EN QUIEBRA la empresa de aceros AHMSA: la advertencia de AMLO - El Cronista https://t.co/vGovPhe6z5","1855005902321180961","","","es","De Lara para  VZLA y el mundo","0","0","0","https://x.com/Jhon26BRM/status/1855005902321180961","402654346","Jhon26BRM"
"1853993031117984185","Wed Nov 06 02:49:18 +0000 2024","14866","Tiembla el c√°rtel de Claudia la Autoritaria https://t.co/jqKHFrv7xN","1853993031117984185","https://pbs.twimg.com/media/Gbq01BrXIAMe5BM.jpg","","es","M√©xico","194","2324","3744","https://x.com/LillyTellez/status/1853993031117984185","225101516","LillyTellez"
"1854237372252401781","Wed Nov 06 19:00:14 +0000 2024","3228","Las cosas que mandan jajajaja. Ay Claudia Kamala L√≥pez ahora como Claudia Trump L√≥pez. Pero todos saben que es la candidata de Petro. Como una veleta no tiene direcci√≥n. https://t.co/kA38MOFgwK","1854237372252401781","https://pbs.twimg.com/media/GbuTD8DXgAge0e_.jpg","","es","Bogot√°, D.C., Colombia","46","354","967","https://x.com/VickyDavilaH/status/1854237372252401781","242730842","VickyDavilaH"
"1855360187982295496","Sat Nov 09 21:21:54 +0000 2024","1528","¬øVes a esa se√±ora en el balc√≥n? Es la principal l√≠der de la oposici√≥n al gobierno de Milei. P√°nico le tienen. La van a condenar como hace cualquier r√©gimen autoritario que no puede ganarle a su oponente en buena ley. Se la condena como se hizo hace poco en Brasil con Lula.","1855360187982295496","","","es","Provincia de Buenos Aires","92","2098","614","https://x.com/ditulliojuli/status/1855360187982295496","4449919888","ditulliojuli"
"1855257818292478142","Sat Nov 09 14:35:07 +0000 2024","2","Quienes escucharon la charla telef√≥nica entre Claudia Sheinbaum y Donald Trump dicen que fue un intercambio de felicitaciones y que el estadounidense tuvo elogios para la Presidenta y buenos recuerdos de su relaci√≥n con AMLO https://t.co/NECozqYxf1","1855257818292478142","","","es","Guanajuato, M√©xico","0","0","1","https://x.com/periodicoam/status/1855257818292478142","70805487","periodicoam"
"1854250879161127067","Wed Nov 06 19:53:54 +0000 2024","6403","C√≥mo gozo cuando Lilly pega donde duele y le dicen concluya Senadora https://t.co/k0UyEsE2dl","1854250879161127067","https://pbs.twimg.com/amplify_video_thumb/1854247911359475715/img/XjnsF2J_jZSb0R65.jpg","","es","M√©xico","27","163","2382","https://x.com/panaclo/status/1854250879161127067","150118751","panaclo"
"1854903168137937002","Fri Nov 08 15:05:52 +0000 2024","0","#LaMa√±aneraDelPueblo Donald Trump le manda saludos a AMLO ‚Äç En conferencia de prensa Claudia Sheinbaum revel√≥ que el presidente electo de Estados Unidos Donald Trump aprovech√≥ su llamada para enviarle saludos al expresidente L√≥pez Obrador con quien dijo tener una https://t.co/jYQsQFY3Sm","1854903168137937002","https://pbs.twimg.com/media/Gb3wl7fXkAESG1v.jpg","","es","Morelos","0","0","0","https://x.com/InformateyMas/status/1854903168137937002","421247727","InformateyMas"
"1853965698533351599","Wed Nov 06 01:03:30 +0000 2024","392","@Claudiashein ¬°Triunfamos presidentA! Gracias por no caer en provocaciones y mantenerte firme a la voluntad del pueblo. Quedamos en las mejores manos AMLO siempre tuvo raz√≥n. ¬°Viva M√©xico üá≤üáΩ!","1853966406364356911","","Claudiashein","es","El Universo ","1","57","110","https://x.com/AstroLogica__/status/1853966406364356911","1537630266633728003","AstroLogica__"
"1855115878095839249","Sat Nov 09 05:11:06 +0000 2024","1","APOYO A CLAUDIO X. GONZALEZ...VAMOS A DERROCAR LA DICTADURA CHAVISTA INSTAURADA EN MEXICO POR AMLO Y CLAUDIA SHEINBAUM...EL SOCIALISMO EMPOBRECEDOR...NO DEBE CONTINUAR....","1855115878095839249","","","es","SAYULA DE ALEMAN, VERACRUZ","0","0","0","https://x.com/mario_sanchez31/status/1855115878095839249","117523509","mario_sanchez31"
"1855339581840970015","Sat Nov 09 20:00:01 +0000 2024","4"," El cambio de gobierno entre AMLO y Claudia Sheinbaum reci√©n cumpli√≥ el mes. Sheinbaum ha demostrado que la actual administraci√≥n tiene su esencia propia . La #opini√≥n de Fernando Islas https://t.co/7JjaRQYZQk","1855339581840970015","","","es","Quer√©taro","0","6","1","https://x.com/universalqro/status/1855339581840970015","750611600","universalqro"
"1854962104484368744","Fri Nov 08 19:00:03 +0000 2024","3","EN MENOS DE UN A√ëO SER√Å LA MEJOR PRESIDENTA DEL MUNDO TAL COMO LO DIJO NUESTRO QUERIDO PRESIDENTE AMLO Y RECUERDEN CONSERVAS QUE AS√ç SER√Å. TENEMOS MUCHA PRESIDENTA CLAUDIA NUESTRA CAMPEONA","1854962104484368744","","","es","Puerto Vallarta, Jalisco","0","1","0","https://x.com/ManteconAdan/status/1854962104484368744","1556293678666326017","ManteconAdan"
"1854839970370142585","Fri Nov 08 10:54:44 +0000 2024","0","Golpe bajo para Claudia Sheinbaum | Declaran en quiebra la empresa de aceros AHMSA: la advertencia de AMLO https://t.co/C3pvrsiCis","1854839970370142585","","","es","Piedras Negras, Coahuila ","0","0","0","https://x.com/NenaVelasco32/status/1854839970370142585","1442231135287742469","NenaVelasco32"
"1853957011626434894","Wed Nov 06 00:26:11 +0000 2024","434","La magistrada Tania D'Amelio firma la sentencia que declara inadmisible la acci√≥n de amparo constitucional solicitando que se cumpliera la publicaci√≥n de los resultados. Lo m√°s descarado es que D'Amelio fue rectora del CNE. Ella sabe que la solicitud corresponde al procedimiento https://t.co/nUfxXdumDz","1853957011626434894","https://pbs.twimg.com/media/GbqUE4zW4AkaCff.jpg","","es","Profesor UNEARTE/UCV ","12","23","437","https://x.com/Manuelfilosofia/status/1853957011626434894","302410907","Manuelfilosofia"
"1854275314425253931","Wed Nov 06 21:31:00 +0000 2024","341","Este es el recordatorio semanal para que jam√°s olvidemos que en el d√≠a m√°s importante de su vida Claudia se empin√≥ as√≠ poni√©ndose ella y a todas las mexicanas en rid√≠culo. Que jam√°s nadie olvide esta foto y que la verg√ºenza persiga por 6 a√±os a la indigna Presidenta de M√©xico. https://t.co/zAEtqg4cA5","1854275314425253931","https://pbs.twimg.com/media/GZdySGbaAAIUUv-.jpg","","es","en tu coraz√≥n ü´∂üèª","6","15","199","https://x.com/dlcnea_toboso/status/1854275314425253931","156166430","dlcnea_toboso"
"1854642571395334416","Thu Nov 07 21:50:21 +0000 2024","4378","üá≤üáΩURGENTEüá≤üáΩ Les pido que me ayuden a IMPULSAR el HASTAG #PresidenciaInterinaYa Porque @Claudiashein ya NO SE SOSTIENE AMLO la meti√≥ en un LODAZAL para ganar la Presidencia y la Mayor√≠a Calificada en las C√°maras. Debe hacerse otra ELECCI√ìN con PISO PAREJO. RT gracias. https://t.co/yRdd0W5hiV","1854642571395334416","https://pbs.twimg.com/media/Gb0Dlc6WcAQGgbL.jpg","","es","Mexico","61","370","3129","https://x.com/PazConDialogo/status/1854642571395334416","91870046","PazConDialogo"
"1854570829625143414","Fri Nov 08 10:43:50 +0000 2024","0","@el_reportero Glad to see that's not a quote from Claudia. AMLO did know how to stroke Trump's ego and negotiated for what each really cared about.","1854837225181397452","","el_reportero","en","Portland, OR","0","0","0","https://x.com/extramsg/status/1854837225181397452","20838160","extramsg"
"1855286730615923018","Sat Nov 09 16:30:00 +0000 2024","0","Donald Trump asegur√≥ a Claudia Sheinbaum que espera verla pronto y envi√≥ saludos a AMLO https://t.co/jqXuOUgRG7","1855286730615923018","","","es","Aguascalientes","0","0","0","https://x.com/heraldoags/status/1855286730615923018","65233839","heraldoags"
"1855360795204259879","Sat Nov 09 21:24:19 +0000 2024","444","Celia Villalobos dice que ella solo habla por ella y por eso en lugar de coger una pala ha enviado dinero. #XplicaIndignados La √≠nclita hace la caridad mientras dice cosas como esa https://t.co/QHYlLH7cBN","1855360795204259879","https://pbs.twimg.com/media/Gb-Qz2gXIAAIbx-.jpg","","es","","14","44","352","https://x.com/AmaliaRubio2020/status/1855360795204259879","1244240837850083334","AmaliaRubio2020"
"1854938079200469408","Fri Nov 08 17:24:35 +0000 2024","0","A todos los habladoristas Dejen de escupir veneno q no les pagamos para eso p√≥nganse a trabajar bola de par√°sitos habladoristas Claudia nada a ver con amlo Claudia se est√° colgando de la fama de AMLO es una india ignorante de rancho es una 3nd3ja q debe de irse al rancho","1854938079200469408","","","es","","0","0","0","https://x.com/perroni673009/status/1854938079200469408","1844904296372109318","perroni673009"
"1855332018801799270","Sat Nov 09 19:29:58 +0000 2024","3617","ùêãùêÄ ùêìùêëùêÄùêÜùêÑùêÉùêàùêÄ ùêÉùêÑùêã ùêåùêÑÃÅùêóùêàùêÇùêé ùêçùêÄùêëùêÇùêé Los Ardillos (financieros de AMLO) los Tlacos y la 4T de Claudia Sheinbaum y los hijos de L√≥pez Obrador Comerciantes desaparecen despu√©s de salir a vender; sus familiares van a buscarlos y tambi√©n desaparecen y a las 17 https://t.co/sDybjBEbk8","1855332018801799270","https://pbs.twimg.com/amplify_video_thumb/1855331952166907905/img/7rUdJOW7xAAr91Ad.jpg","","es","","18","63","2234","https://x.com/JJDiazMachuca/status/1855332018801799270","1005155561313308672","JJDiazMachuca"
"1854956508561416611","Fri Nov 08 18:37:49 +0000 2024","1","Sale muy oronda Claudia a decir que va a corregir el rumbo de distribuci√≥n de medicamentos que tanto da√±o y muerte caus√≥ con AMLO Y resulta que se les olvid√≥ pagarles a los proveedores que se niegan a seguir en tratos con quien no les paga Es pat√©tica la 4T y la presumen","1854956508561416611","","","es","","0","0","0","https://x.com/SoyLaGuerra17/status/1854956508561416611","1116468004022210560","SoyLaGuerra17"
"1855375503349125445","Sat Nov 09 22:22:45 +0000 2024","10","Eso empez√≥ con #Pe√±aNieto Transa con uno m√°s pendejo (pero m√°s corrupto) #AMLO #Narcopeje y ahora una m√°s que el peje de 40 de IQ Ni doctora Ni Titulada Ni persona Solo Hippie oportunista (como el peje) CLAUDIA SHEINBAUM PARDO EL 2 DE JUNIO DESCARADO FRAUDE ELECTORAL","1855375503349125445","","","es","tamaulipas, m√©xico","0","0","8","https://x.com/MarcoMe34321461/status/1855375503349125445","1754069132","MarcoMe34321461"
"1855143038441447698","Sat Nov 09 06:59:01 +0000 2024","0","Claudia HABLA sobre el Peso Mexicano #shortsvideo #amlo #claudiasheinba... https://t.co/QAKLUWdHNn v√≠a @YouTube","1855143038441447698","","","es","M√©xico-Tenochtitlan ","0","0","0","https://x.com/yimboroyimboro/status/1855143038441447698","1714595449","yimboroyimboro"
"1854236313588772904","Wed Nov 06 18:56:01 +0000 2024","3205","Claudia tiene el poder ABSOLUTO en M√©xico justo como lo quer√≠a. A partir de ya todo lo que ocurra en M√©xico ser√° su culpa que no empiece a buscar enemigos imaginarios tiene TODO en sus manos para sacar a M√©xico adelante o para hundirlo en fango morenista. Es la realidad ","1854236313588772904","","","es","M√©xico üá≤üáΩ","23","177","889","https://x.com/LauraMex/status/1854236313588772904","1222564357688778753","LauraMex"
"1855073813970489406","Sat Nov 09 02:23:57 +0000 2024","228","Con el coraz√≥n mi mamita muy muy enferma . Falla sistem√°tica az√∫car m√°s de 600c falla pulmonar ri√±√≥n neumon√≠a entre otras cosas! Tengo mi alma partida .","1855073813970489406","","","es","Rancagua, machali ","0","80","4","https://x.com/crlinapadilla/status/1855073813970489406","224658694","crlinapadilla"
"1854977194298425765","Fri Nov 08 20:00:01 +0000 2024","2"," Nos vemos pronto : as√≠ fue la llamada entre Sheinbaum y Trump Claudia Sheinbaum y Donald Trump sostuvieron una conversaci√≥n telef√≥nica en la que discutieron temas clave de la relaci√≥n bilateral. Trump envi√≥ saludos a AMLO y dej√≥ abierta la puerta para un pr√≥ximo encuentro.","1854977194298425765","","","es","WTC - Ciudad de M√©xico","0","0","0","https://x.com/MexWorldC/status/1854977194298425765","1069794014","MexWorldC"
"1854906331058041038","Fri Nov 08 15:18:26 +0000 2024","1849","Ayyyy @Claudiashein con ese pinche discurso ATOLERO crees que vas convencer al G20 o a TRUMP. No mammmessss pendeja ni Lula te va a APOYAR! https://t.co/vM18k33dBk","1854906331058041038","https://pbs.twimg.com/amplify_video_thumb/1854898385146314752/img/F1BfyeiaMW8ISRLy.jpg","","es","","41","682","604","https://x.com/TomasElOdioso2/status/1854906331058041038","1514344037590917124","TomasElOdioso2"
"1854659906109861975","Thu Nov 07 23:39:40 +0000 2024","468","@EmmaRincon Sabemos que le hicieron trampa los socialistas igual que en M√©xico con Claudia que gan√≥ con fraude .","1854670083916021949","","EmmaRincon","es","","0","15","23","https://x.com/JuliaAlonso15/status/1854670083916021949","1027946648","JuliaAlonso15"
"1855018524512862605","Fri Nov 08 22:44:15 +0000 2024","2217","Mart√≠n Moreno insin√∫a que AMLO controlar√° al Poder Judicial aunque est√© oculto No es posible que la justicia se imparta de acuerdo con el √°nimo del expresidente : @fmartinmoreno. En un foro de derecha afirm√≥ que @Claudiashein est√° escondida detr√°s de las mamparas de AMLO . https://t.co/UWB01x6XWj","1855018524512862605","https://pbs.twimg.com/ext_tw_video_thumb/1855016977942953987/pu/img/Yl-XVRxwNVDYtbwk.jpg","","es","M√©xico, D.F","49","388","1314","https://x.com/laoctavadigital/status/1855018524512862605","164337327","laoctavadigital"
"1854153497119281366","Wed Nov 06 13:26:56 +0000 2024","2156","A esta hora Claudia L√≥pez ya estrena look se declara mejor amiga de Donald Trump celebra su llegada a la Casa Blanca al frente de EEUU y dice no conocer a la tal Kamala . https://t.co/1UewamvwHN","1854153497119281366","https://pbs.twimg.com/media/GbtGxyLXgAwX3Fc.jpg","","es","Bogot√°, D.C., Colombia","95","155","1012","https://x.com/ElDestapadorCol/status/1854153497119281366","1757404485259825153","ElDestapadorCol"
"1854648886586978402","Thu Nov 07 22:15:26 +0000 2024","5448","Tiembla morena el c√°rtel de Claudia la autoritaria.","1854648886586978402","","","es","M√©xico","44","1335","1639","https://x.com/LillyTellez/status/1854648886586978402","225101516","LillyTellez"
"1854896860118266150","Fri Nov 08 14:40:48 +0000 2024","1"," La presidenta Claudia Sheinbaum dio m√°s detalles sobre la llamada que tuvo con el presidente electo de Estados Unidos Donald Trump. https://t.co/WC7lXXcaEx","1854896860118266150","","","es","Ciudad de Mexico","0","0","0","https://x.com/Radio_Formula/status/1854896860118266150","148372339","Radio_Formula"
"1854122575447626149","Wed Nov 06 11:24:04 +0000 2024","362","AOC Nydia Vel√°zquez y su Squad de guerrilleros socialistas le costaron anoche un huevo y la mitad de otro al Pdo. Dem√≥crata. Hasta que ese partido no fumigue el wokismo radical seguir√° perdiendo el Pueblo. Parejeras imperialistas colonizadoras de üáµüá∑üá∫üá∏","1854122575447626149","","","es","Central Florida","3","20","112","https://x.com/DAVILACOLON/status/1854122575447626149","32522787","DAVILACOLON"
"1854563200026530108","Thu Nov 07 19:08:13 +0000 2024","840","@Claudiashein Tuvimos O sea AMLO y ella. Eso quiso decir..","1854601771345129532","","Claudiashein","es","In your nightmares    ·µÄ·µâ À¢‚Å±·µç·µò·µâ","0","28","37","https://x.com/Melissa_Bely/status/1854601771345129532","1548766915295940610","Melissa_Bely"
"1854990949988155713","Fri Nov 08 20:54:41 +0000 2024","0","Claudia CONFIRMA que si ira al g20 #shortsvideo #amlo #claudiasheinbaum... https://t.co/sN4v4UNJjZ v√≠a @YouTube","1854990949988155713","","","es","M√©xico-Tenochtitlan ","0","0","0","https://x.com/yimboroyimboro/status/1854990949988155713","1714595449","yimboroyimboro"
"1855211637822673121","Sat Nov 09 11:46:46 +0000 2024","437","@clarincom Ahora la mayor ladrona del pa√≠s sale vestida de crota para dar pena. Presa tendr√≠a que estar.","1855215453209059622","","clarincom","es","","1","16","68","https://x.com/abrilcba_/status/1855215453209059622","1372638110912241665","abrilcba_"
"1855377298632978728","Sat Nov 09 23:40:38 +0000 2024","28","@goleymony @EuropeMex @INAImexico @RicardoMonrealA Esto se puede agregar a la denuncia d fraude d Claudia ante la OEA para demostrar como AMLO viol√≥ reiteradamente la Divisi√≥n d Poderes para destruir nuestra democracia e imponer ilegalmente a Claudia. PD: Tanto AMLO como Monreal pueden ser imputados por faltas administrativas.","1855395102534901845","","goleymony","es","Mexico","1","1","13","https://x.com/PazConDialogo/status/1855395102534901845","91870046","PazConDialogo"
"1854245338074472520","Wed Nov 06 19:31:53 +0000 2024","416","Y en Colombia esta Claudia la Kama-le√≥n de la pol√≠tica.","1854245338074472520","","","es","Estados Unidos","0","16","128","https://x.com/ghitis/status/1854245338074472520","25490757","ghitis"
"1854741334101573679","Fri Nov 08 04:22:48 +0000 2024","3398","Ahora @Claudiashein al igual que hizo @lopezobrador_ al verse enfrentada contra Trump pide que los mexicanos estemos unidos ¬øc√≥mo la ven? llevan 6 a√±os dividiendo a los mexicanos calumniando e insultando a los que no piensan como ellos usando el poder del estado para","1854741334101573679","","","es","Ciudad de M√©xico","59","418","1375","https://x.com/LaloUrbanoM/status/1854741334101573679","59743946","LaloUrbanoM"
"1854867388598001837","Fri Nov 08 12:43:41 +0000 2024","840","Sagt die Frau die PLO und UNRWA die Millionen in den Rachen stopft massenhaft Afghanen nach Deutschland einfliegen l√§sst und sich mit Antisemiten zum Plausch beim Dinner trifft.","1854867388598001837","","","de","Hamburg","2","19","202","https://x.com/shlomosapiens/status/1854867388598001837","895141010","shlomosapiens"
"1855096841966166083","Sat Nov 09 03:55:27 +0000 2024","262","Eres mentirosa ignorante plagias tesis falsificas curriculum no tienes secundar√≠a apoyas el comunismo y atacas el capitalismo pero vives como millonaria a costa del gobierno pero eres de Morena y defiendes a Claudia?... eres defendida y apoyada Pero no te atrevas a","1855096841966166083","","","es","Brooklyn, NY","1","5","73","https://x.com/LunaGilVent/status/1855096841966166083","1333980617667719171","LunaGilVent"
"1855343801633591396","Sat Nov 09 20:16:47 +0000 2024","901","Oiga #DiosaDelAnafre @Claudiashein ¬ø Cu√°l de todas estas G√ÅRGOLAS del BIENESTAR la ir√°n a acompa√±ar en su visita de rendici√≥n a Trump y al G20? Ser√° maravilloso ver como Usted se enorgullece y trabaja muy fuerte por lo aut√≥ctono en este bello pa√≠s de Alebrijes en el https://t.co/804wdazm8C","1855343801633591396","https://pbs.twimg.com/media/Gb-BRn7aMAAa5fu.jpg","","es","Shangri La","25","172","557","https://x.com/Misha_MashaIIah/status/1855343801633591396","387836555","Misha_MashaIIah"
"1855355019920326929","Sat Nov 09 21:01:22 +0000 2024","915","Esta noble e inteligente mujer venezolana defensora con acciones reconocidas de los DDHH es una presa pol√≠tica personal del tirano Padrino L√≥pez. Por cierto ¬øel partido pol√≠tico feminista nacional y su federaci√≥n internacional ya emiti√≥ un comunicado de en√©rgica protesta?","1855355019920326929","","","es","Florida, EEUU","3","0","1023","https://x.com/aalfonzolopez/status/1855355019920326929","1507095433","aalfonzolopez"
"1854248541637448016","Wed Nov 06 20:15:21 +0000 2024","269","@EmmaRincon Es AMLO en cuerpo de mujer. ¬°Impresionante! ","1854256278400643435","","EmmaRincon","es","Los Angeles, CA","0","20","24","https://x.com/AdamSmithFree/status/1854256278400643435","897488559187386368","AdamSmithFree"
"1854953564856369349","Fri Nov 08 18:26:07 +0000 2024","298","Ahora resulta que de un d√≠a para otro @Claudiashein dice que los empresarios y la iniciativa privada son muy importantes y que son parte fundamental del proyecto de naci√≥n les pide estar unidos con ella ahora s√≠ quiere que le ayuden a calmar a Trump. Ma√±ana saldr√° en su","1854953564856369349","","","es","Ciudad de M√©xico","3","23","96","https://x.com/LaloUrbanoM/status/1854953564856369349","59743946","LaloUrbanoM"
